i60_10_1;419;419.0
i60_10_2;924;924.0
i60_10_3;484;486.0
i60_10_4;276;276.3
i60_10_5;928;928.0
i60_10_6;218;219.5
i60_10_7;2;2.0
i60_10_8;498;498.1
i60_10_9;226;226.0
i60_10_10;5102;5103.0
i60_10_11;156;156.0
i60_10_12;154;154.0
i60_10_13;120;120.0
i60_10_14;2439;2439.0
i60_10_15;555;555.0
i60_10_16;1009;1010.1
i60_10_17;36;36.0
i60_10_18;2376;2377.1
i60_10_19;410;410.0
i60_10_20;6;6.0
i60_10_21;90;90.0
i60_10_22;11;11.0
i60_10_23;715;715.0
i60_10_24;40;40.0
i60_10_25;2296;2296.0
i60_10_26;1735;1735.0
i60_10_27;1031;1031.7
i60_10_28;145;145.0
i60_10_29;488;488.0
i60_10_30;498;498.0
i60_10_31;243;243.3
i60_10_32;181;181.0
i60_10_33;348;348.0
i60_10_34;147;147.1
i60_10_35;286;287.6
i60_10_36;9;9.0
i60_10_37;29;29.0
i60_10_38;32;32.0
i60_10_39;133;133.9
i60_10_40;656;657.9
i60_10_41;1;1.0
i60_10_42;41;41.0
i60_10_43;252;252.0
i60_10_44;1790;1792.2
i60_10_45;824;825.9
i60_10_46;504;504.2
i60_10_47;1401;1401.1
i60_10_48;1;1.0
i60_10_49;192;192.0
i60_10_50;315;315.0
i60_10_51;67;67.2
i60_10_52;273;273.0
i60_10_53;195;195.0
i60_10_54;864;866.1
i60_10_55;611;612.2
i60_10_56;2762;2762.0
i60_10_57;2;2.0
i60_10_58;827;827.0
i60_10_59;15;15.0
i60_10_60;289;289.0
i60_10_61;61;61.0
i60_10_62;713;713.0
i60_10_63;358;358.0
i60_10_64;50;50.0
i60_10_65;0;0.0
i60_10_66;980;980.0
i60_10_67;168;168.0
i60_10_68;68;68.0
i60_10_69;27;27.6
i60_10_70;928;928.0
i60_10_71;285;285.0
i60_10_72;138;138.0
i60_10_73;81;81.0
i60_10_74;22;22.0
i60_10_75;829;829.6
i60_10_76;85;85.0
i60_10_77;96;96.0
i60_10_78;408;408.0
i60_10_79;350;350.0
i60_10_80;30;30.0
i60_10_81;127;127.7
i60_10_82;801;801.0
i60_10_83;35;35.0
i60_10_84;553;553.0
i60_10_85;45;45.0
i60_10_86;828;828.0
i60_10_87;772;772.0
i60_10_88;250;250.0
i60_10_89;41;41.0
i60_10_90;88;88.0
i60_10_91;28;28.0
i60_10_92;54;54.0
i60_10_93;1462;1462.0
i60_10_94;3452;3452.8
i60_10_95;48;48.0
i60_10_96;177;177.0
i60_10_97;649;649.0
i60_10_98;272;272.0
i60_10_99;105;105.0
i60_10_100;97;97.6
i60_10_101;99;100.0
i60_10_102;705;705.0
i60_10_103;25;25.0
i60_10_104;195;195.4
i60_10_105;39;39.0
i60_10_106;545;545.0
i60_10_107;41;41.0
i60_10_108;59;59.0
i60_10_109;3;3.0
i60_10_110;34;34.0
i60_10_111;2020;2025.1
i60_10_112;134;134.0
i60_10_113;85;85.0
i60_10_114;287;287.0
i60_10_115;1;1.0
i60_10_116;193;193.5
i60_10_117;231;231.0
i60_10_118;67;67.0
i60_10_119;169;169.3
i60_10_120;98;98.0
i60_10_121;833;833.0
i60_10_122;55;55.0
i60_10_123;67;67.0
i60_10_124;531;531.0
i60_10_125;131;131.0
i60_10_126;573;573.0
i60_10_127;23;23.0
i60_10_128;137;139.1
i60_10_129;6;6.0
i60_10_130;152;152.0
i60_10_131;18;18.0
i60_10_132;1399;1399.0
i60_10_133;186;186.0
i60_10_134;58;58.0
i60_10_135;1574;1577.3
i60_10_136;31;31.2
i60_10_137;65;65.0
i60_10_138;490;491.0
i60_10_139;3;3.0
i60_10_140;606;606.0
i60_10_141;483;483.4
i60_10_142;346;346.1
i60_10_143;144;144.0
i60_10_144;1956;1956.0
i60_10_145;102;102.0
i60_10_146;284;284.0
i60_10_147;706;706.0
i60_10_148;429;429.2
i60_10_149;78;78.0
i60_10_150;897;897.0
i60_10_151;33;33.0
i60_10_152;952;952.0
i60_10_153;494;494.0
i60_10_154;123;123.0
i60_10_155;936;936.0
i60_10_156;162;162.0
i60_10_157;808;808.0
i60_10_158;840;840.2
i60_10_159;42;42.0
i60_10_160;311;311.0
i60_10_161;299;299.0
i60_10_162;881;882.2
i60_10_163;35;35.0
i60_10_164;84;84.0
i60_10_165;2532;2532.0
i60_10_166;991;991.0
i60_10_167;2292;2292.8
i60_10_168;21;21.0
i60_10_169;118;118.0
i60_10_170;200;201.0
i60_10_171;225;225.1
i60_10_172;1351;1351.0
i60_10_173;44;44.0
i60_10_174;1062;1062.7
i60_10_175;575;575.0
i60_10_176;4895;4895.1
i60_10_177;600;600.0
i60_10_178;355;355.0
i60_10_179;1168;1168.8
i60_10_180;970;970.0
i60_10_181;9;9.0
i60_10_182;7;7.0
i60_10_183;168;168.0
i60_10_184;241;242.6
i60_10_185;2422;2422.0
i60_10_186;1651;1651.6
i60_10_187;109;109.0
i60_10_188;520;520.0
i60_10_189;1102;1102.2
i60_10_190;8;8.0
i60_10_191;188;188.0
i60_10_192;452;452.0
i60_10_193;974;974.0
i60_10_194;10;10.0
i60_10_195;95;97.6
i60_10_196;526;526.0
i60_10_197;27;27.0
i60_10_198;118;118.0
i60_10_199;4;4.2
i60_10_200;3;3.0
i60_10_201;1344;1344.4
i60_10_202;0;0.0
i60_10_203;45;45.0
i60_10_204;25;25.0
i60_10_205;343;344.5
i60_10_206;227;227.0
i60_10_207;1492;1492.0
i60_10_208;1663;1664.3
i60_10_209;281;281.0
i60_10_210;243;243.8
i60_10_211;47;47.0
i60_10_212;3920;3921.1
i60_10_213;82;82.9
i60_10_214;565;566.9
i60_10_215;1179;1179.0
i60_10_216;677;677.0
i60_10_217;1;1.0
i60_10_218;111;111.0
i60_10_219;166;166.0
i60_10_220;886;886.0
i60_10_221;570;570.0
i60_10_222;68;68.0
i60_10_223;190;190.0
i60_10_224;31;31.0
i60_10_225;116;116.2
i60_10_226;246;246.6
i60_10_227;673;673.0
i60_10_228;30;30.0
i60_10_229;17;17.0
i60_10_230;1536;1536.0
i60_10_231;72;72.0
i60_10_232;375;375.0
i60_10_233;1076;1076.0
i60_10_234;16;16.0
i60_10_235;3;3.0
i60_10_236;94;94.0
i60_10_237;412;412.0
i60_10_238;211;211.0
i60_10_239;566;566.4
i60_10_240;19;19.0
i60_10_241;281;282.9
i60_10_242;53;53.0
i60_10_243;1004;1007.7
i60_10_244;213;213.0
i60_10_245;1078;1078.3
i60_10_246;980;980.6
i60_10_247;55;55.0
i60_10_248;3;3.0
i60_10_249;424;424.0
i60_10_250;104;104.0
i60_10_251;13;13.0
i60_10_252;675;675.0
i60_10_253;50;50.0
i60_10_254;1922;1922.5
i60_10_255;549;551.4
i60_10_256;508;508.0
i60_10_257;780;780.0
i60_10_258;10;10.0
i60_10_259;164;164.0
i60_10_260;101;101.0
i60_10_261;0;0.0
i60_10_262;132;132.0
i60_10_263;1;1.0
i60_10_264;481;481.2
i60_10_265;1129;1129.0
i60_10_266;845;845.8
i60_10_267;160;160.0
i60_10_268;464;464.0
i60_10_269;221;221.9
i60_10_270;1137;1138.8
i60_10_271;667;667.4
i60_10_272;175;175.0
i60_10_273;1400;1400.0
i60_10_274;53;53.0
i60_10_275;9;9.0
i60_10_276;443;443.0
i60_10_277;264;264.0
i60_10_278;1251;1251.2
i60_10_279;46;46.0
i60_10_280;235;235.0
i60_10_281;70;70.0
i60_10_282;855;855.0
i60_10_283;1124;1124.9
i60_10_284;216;216.4
i60_10_285;803;803.0
i60_10_286;20;20.0
i60_10_287;8;8.0
i60_10_288;124;124.0
i60_10_289;248;248.0
i60_10_290;1646;1646.0
i60_10_291;300;300.0
i60_10_292;65;65.0
i60_10_293;948;948.0
i60_10_294;1435;1435.0
i60_10_295;483;483.0
i60_10_296;1566;1566.0
i60_10_297;310;310.0
i60_10_298;1115;1115.2
i60_10_299;7;7.0
i60_10_300;148;148.0
i60_10_301;1875;1875.4
i60_10_302;352;352.3
i60_10_303;81;81.0
i60_10_304;1297;1310.3
i60_10_305;914;914.6
i60_10_306;2397;2397.0
i60_10_307;9;9.0
i60_10_308;68;68.0
i60_10_309;1832;1832.1
i60_10_310;1461;1461.0
i60_10_311;183;183.0
i60_10_312;498;498.0
i60_10_313;7;7.0
i60_10_314;78;78.0
i60_10_315;224;224.0
i60_10_316;226;226.6
i60_10_317;126;126.0
i60_10_318;25;25.0
i60_10_319;107;107.0
i60_10_320;428;428.8
i60_10_321;3710;3710.6
i60_10_322;117;117.0
i60_10_323;4;4.0
i60_10_324;2;2.0
i60_10_325;617;617.0
i60_10_326;1344;1345.8
i60_10_327;16;16.1
i60_10_328;0;0.0
i60_10_329;116;116.0
i60_10_330;50;50.0
i60_10_331;181;181.0
i60_10_332;1104;1104.0
i60_10_333;752;752.0
i60_10_334;550;550.3
i60_10_335;292;292.0
i60_10_336;275;275.0
i60_10_337;35;35.0
i60_10_338;245;245.1
i60_10_339;166;166.0
i60_10_340;201;201.0
i60_10_341;1608;1608.0
i60_10_342;557;560.1
i60_10_343;5;5.0
i60_10_344;7;7.0
i60_10_345;9;9.0
i60_10_346;54;54.0
i60_10_347;1897;1897.0
i60_10_348;416;416.0
i60_10_349;0;0.0
i60_10_350;102;102.0
i60_10_351;9;9.0
i60_10_352;1221;1221.1
i60_10_353;354;354.0
i60_10_354;393;393.0
i60_10_355;778;778.0
i60_10_356;11;11.0
i60_10_357;86;86.0
i60_10_358;30;30.0
i60_10_359;148;148.0
i60_10_360;349;349.0
i60_10_361;671;672.7
i60_10_362;780;782.1
i60_10_363;7;7.0
i60_10_364;104;104.0
i60_10_365;65;65.0
i60_10_366;346;346.8
i60_10_367;85;85.0
i60_10_368;569;569.0
i60_10_369;236;236.0
i60_10_370;0;0.0
i60_10_371;8;8.0
i60_10_372;2115;2115.0
i60_10_373;192;192.5
i60_10_374;1265;1267.0
i60_10_375;75;75.0
i60_10_376;780;780.0
i60_10_377;185;185.0
i60_10_378;38;38.0
i60_10_379;209;209.0
i60_10_380;735;735.0
i60_10_381;52;52.0
i60_10_382;590;590.0
i60_10_383;214;214.0
i60_10_384;91;91.0
i60_10_385;706;706.0
i60_10_386;8;8.0
i60_10_387;487;487.0
i60_10_388;947;948.4
i60_10_389;166;166.0
i60_10_390;1491;1491.0
i60_10_391;1964;1964.4
i60_10_392;560;560.4
i60_10_393;13;13.0
i60_10_394;48;48.0
i60_10_395;3;3.0
i60_10_396;239;239.0
i60_10_397;6;6.0
i60_10_398;286;286.0
i60_10_399;555;555.0
i60_10_400;694;694.0
i60_10_401;525;525.5
i60_10_402;595;596.2
i60_10_403;15;15.0
i60_10_404;2562;2563.8
i60_10_405;126;126.0
i60_10_406;262;262.0
i60_10_407;144;144.0
i60_10_408;2;2.0
i60_10_409;960;960.0
i60_10_410;342;342.0
i60_10_411;816;817.8
i60_10_412;24;24.0
i60_10_413;41;41.0
i60_10_414;1592;1592.0
i60_10_415;122;122.9
i60_10_416;1;1.0
i60_10_417;478;478.0
i60_10_418;6;6.0
i60_10_419;124;124.0
i60_10_420;804;806.0
i60_10_421;244;244.0
i60_10_422;1;1.0
i60_10_423;592;592.0
i60_10_424;408;408.0
i60_10_425;438;438.0
i60_10_426;660;660.8
i60_10_427;475;475.0
i60_10_428;152;152.0
i60_10_429;3;3.0
i60_10_430;759;759.6
i60_10_431;1060;1060.4
i60_10_432;471;471.0
i60_10_433;201;201.0
i60_10_434;242;242.0
i60_10_435;274;274.6
i60_10_436;2674;2674.0
i60_10_437;3261;3261.0
i60_10_438;1626;1626.1
i60_10_439;108;108.0
i60_10_440;2603;2605.1
i60_10_441;237;237.0
i60_10_442;1896;1897.6
i60_10_443;0;0.0
i60_10_444;12;12.0
i60_10_445;3416;3416.7
i60_10_446;3154;3154.9
i60_10_447;65;65.0
i60_10_448;361;361.0
i60_10_449;324;324.0
i60_10_450;362;362.0
i60_10_451;1895;1897.2
i60_10_452;6;6.0
i60_10_453;254;254.0
i60_10_454;3157;3157.0
i60_10_455;148;148.0
i60_10_456;69;69.1
i60_10_457;129;129.0
i60_10_458;39;39.1
i60_10_459;56;56.0
i60_10_460;155;155.7
i60_10_461;2053;2053.0
i60_10_462;412;412.0
i60_10_463;142;142.0
i60_10_464;278;278.0
i60_10_465;9;9.0
i60_10_466;25;25.0
i60_10_467;177;177.4
i60_10_468;573;573.0
i60_10_469;404;405.0
i60_10_470;2071;2072.1
i60_10_471;28;28.0
i60_10_472;876;876.0
i60_10_473;612;613.8
i60_10_474;196;196.0
i60_10_475;839;839.8
i60_10_476;397;397.0
i60_10_477;71;71.0
i60_10_478;96;96.0
i60_10_479;1263;1263.6
i60_10_480;1997;2002.6
i60_10_481;0;0.0
i60_10_482;115;115.0
i60_10_483;233;233.7
i60_10_484;6;6.0
i60_10_485;1406;1406.0
i60_10_486;262;262.2
i60_10_487;22;22.0
i60_10_488;38;38.0
i60_10_489;157;157.1
i60_10_490;816;816.0
i60_10_491;119;119.0
i60_10_492;22;22.0
i60_10_493;596;596.0
i60_10_494;22;22.0
i60_10_495;1288;1288.1
i60_10_496;39;39.0
i60_10_497;5119;5119.9
i60_10_498;2202;2202.8
i60_10_499;834;836.7
i60_10_500;42;42.0
i60_10_501;109;109.0
i60_10_502;1882;1882.0
i60_10_503;30;30.0
i60_10_504;1829;1829.0
i60_10_505;30;30.0
i60_10_506;5;5.0
i60_10_507;430;430.0
i60_10_508;6;6.0
i60_10_509;454;454.0
i60_10_510;998;998.0
i60_10_511;745;745.1
i60_10_512;78;78.0
i60_10_513;1765;1765.0
i60_10_514;0;0.0
i60_10_515;1327;1327.0
i60_10_516;380;380.0
i60_10_517;4;4.0
i60_10_518;996;1002.4
i60_10_519;613;613.0
i60_10_520;208;208.0
i60_10_521;1071;1071.5
i60_10_522;818;818.0
i60_10_523;662;662.1
i60_10_524;111;111.0
i60_10_525;11;11.0
i60_10_526;140;141.1
i60_10_527;78;78.0
i60_10_528;336;336.0
i60_10_529;93;93.0
i60_10_530;39;39.0
i60_10_531;299;299.7
i60_10_532;174;174.0
i60_10_533;900;902.1
i60_10_534;2407;2408.2
i60_10_535;1180;1180.0
i60_10_536;1187;1187.0
i60_10_537;584;584.1
i60_10_538;1163;1164.0
i60_10_539;48;48.0
i60_10_540;36;36.0
i60_10_541;687;687.0
i60_10_542;122;122.0
i60_10_543;297;297.0
i60_10_544;0;0.0
i60_10_545;141;141.0
i60_10_546;111;111.0
i60_10_547;855;855.1
i60_10_548;583;583.0
i60_10_549;1623;1623.9
i60_10_550;108;108.0
i60_10_551;291;291.0
i60_10_552;611;611.0
i60_10_553;710;710.3
i60_10_554;686;686.0
i60_10_555;737;737.0
i60_10_556;278;280.1
i60_10_557;788;790.0
i60_10_558;45;45.0
i60_10_559;424;424.0
i60_10_560;46;46.0
i60_10_561;58;58.0
i60_10_562;882;882.4
i60_10_563;253;253.4
i60_10_564;792;792.6
i60_10_565;2010;2012.2
i60_10_566;21;21.0
i60_10_567;292;292.0
i60_10_568;170;170.0
i60_10_569;37;37.0
i60_10_570;127;127.0
i60_10_571;15;15.0
i60_10_572;359;359.0
i60_10_573;133;133.0
i60_10_574;561;562.8
i60_10_575;163;163.0
i60_10_576;634;634.0
i60_10_577;263;263.6
i60_10_578;99;99.0
i60_10_579;6;6.0
i60_10_580;671;671.0
i60_10_581;157;159.6
i60_10_582;875;875.0
i60_10_583;450;450.5
i60_10_584;158;158.0
i60_10_585;470;470.0
i60_10_586;1369;1369.5
i60_10_587;39;39.0
i60_10_588;739;739.0
i60_10_589;597;597.1
i60_10_590;3;3.0
i60_10_591;49;49.0
i60_10_592;45;45.0
i60_10_593;1437;1437.4
i60_10_594;3;3.0
i60_10_595;534;534.0
i60_10_596;43;43.0
i60_10_597;1881;1882.8
i60_10_598;27;27.0
i60_10_599;3;3.0
i60_10_600;22;22.0
i60_10_601;983;983.0
i60_10_602;203;203.0
i60_10_603;14;14.0
i60_10_604;166;166.0
i60_10_605;122;122.0
i60_10_606;452;452.0
i60_10_607;30;30.0
i60_10_608;641;641.0
i60_10_609;79;79.0
i60_10_610;1306;1306.1
i60_10_611;801;801.5
i60_10_612;571;571.2
i60_10_613;2775;2776.6
i60_10_614;822;824.0
i60_10_615;83;83.0
i60_10_616;66;66.0
i60_10_617;949;949.7
i60_10_618;1034;1034.0
i60_10_619;2824;2825.1
i60_10_620;187;187.0
i60_10_621;31;31.0
i60_10_622;2344;2348.7
i60_10_623;1472;1472.0
i60_10_624;87;87.0
i60_10_625;1368;1368.0
i60_10_626;511;511.0
i60_10_627;479;479.0
i60_10_628;180;180.0
i60_10_629;299;299.0
i60_10_630;805;805.2
i60_10_631;461;461.0
i60_10_632;12;12.0
i60_10_633;0;0.0
i60_10_634;506;506.5
i60_10_635;84;84.0
i60_10_636;757;758.3
i60_10_637;3;3.0
i60_10_638;1335;1335.0
i60_10_639;11;11.0
i60_10_640;475;475.0
i60_10_641;320;320.0
i60_10_642;3;3.0
i60_10_643;14;14.0
i60_10_644;131;131.3
i60_10_645;120;120.0
i60_10_646;125;125.0
i60_10_647;1504;1504.0
i60_10_648;311;312.2
i60_10_649;296;296.0
i60_10_650;173;173.0
i60_10_651;197;197.1
i60_10_652;1008;1008.0
i60_10_653;312;312.0
i60_10_654;8;8.0
i60_10_655;924;925.1
i60_10_656;144;144.0
i60_10_657;0;0.0
i60_10_658;905;905.0
i60_10_659;0;0.0
i60_10_660;1523;1523.9
i60_10_661;691;691.0
i60_10_662;2562;2562.0
i60_10_663;9;9.0
i60_10_664;36;36.0
i60_10_665;1265;1265.1
i60_10_666;1213;1213.0
i60_10_667;85;85.0
i60_10_668;1;1.0
i60_10_669;141;141.0
i60_10_670;223;223.0
i60_10_671;1892;1893.8
i60_10_672;32;32.0
i60_10_673;1957;1957.0
i60_10_674;49;49.0
i60_10_675;25;25.0
i60_10_676;344;344.0
i60_10_677;35;35.0
i60_10_678;899;900.0
i60_10_679;218;218.0
i60_10_680;10;10.0
i60_10_681;58;58.0
i60_10_682;1567;1567.0
i60_10_683;761;761.0
i60_10_684;194;194.0
i60_10_685;337;339.0
i60_10_686;150;150.0
i60_10_687;509;510.8
i60_10_688;177;177.0
i60_10_689;118;118.0
i60_10_690;949;949.0
i60_10_691;745;745.2
i60_10_692;58;58.0
i60_10_693;1781;1781.0
i60_10_694;14;14.0
i60_10_695;20;20.0
i60_10_696;0;0.0
i60_10_697;584;584.0
i60_10_698;64;64.0
i60_10_699;42;42.0
i60_10_700;39;39.0
i60_10_701;154;154.0
i60_10_702;211;211.0
i60_10_703;128;128.0
i60_10_704;201;201.0
i60_10_705;243;243.0
i60_10_706;230;230.0
i60_10_707;365;365.0
i60_10_708;365;365.1
i60_10_709;0;0.0
i60_10_710;3;3.0
i60_10_711;1285;1285.0
i60_10_712;52;52.0
i60_10_713;137;137.0
i60_10_714;163;164.3
i60_10_715;1534;1535.3
i60_10_716;24;24.0
i60_10_717;3378;3380.3
i60_10_718;368;368.0
i60_10_719;278;278.0
i60_10_720;2238;2239.0
i60_10_721;88;88.0
i60_10_722;8531;8532.3
i60_10_723;27;27.0
i60_10_724;247;247.0
i60_10_725;0;0.0
i60_10_726;804;805.2
i60_10_727;791;792.2
i60_10_728;299;300.7
i60_10_729;295;295.2
i60_10_730;1331;1331.3
i60_10_731;205;205.0
i60_10_732;0;0.0
i60_10_733;224;224.0
i60_10_734;339;339.0
i60_10_735;509;509.0
i60_10_736;1174;1174.0
i60_10_737;5;5.0
i60_10_738;132;132.0
i60_10_739;369;369.0
i60_10_740;28;28.0
i60_10_741;306;306.0
i60_10_742;375;375.8
i60_10_743;4;4.0
i60_10_744;424;424.0
i60_10_745;11;11.0
i60_10_746;55;55.0
i60_10_747;1853;1853.0
i60_10_748;903;905.1
i60_10_749;1633;1633.0
i60_10_750;409;409.0
i60_10_751;854;854.0
i60_10_752;314;314.2
i60_10_753;753;753.0
i60_10_754;142;142.0
i60_10_755;60;60.0
i60_10_756;3601;3603.4
i60_10_757;74;74.0
i60_10_758;184;184.0
i60_10_759;33;33.0
i60_10_760;1677;1677.0
i60_10_761;135;135.0
i60_10_762;4105;4105.1
i60_10_763;172;172.0
i60_10_764;893;893.4
i60_10_765;69;69.0
i60_10_766;265;265.1
i60_10_767;13;13.0
i60_10_768;57;57.0
i60_10_769;90;90.0
i60_10_770;152;152.0
i60_10_771;207;207.0
i60_10_772;1116;1116.0
i60_10_773;174;174.0
i60_10_774;246;246.5
i60_10_775;237;237.0
i60_10_776;0;0.0
i60_10_777;9;9.0
i60_10_778;232;232.0
i60_10_779;48;48.0
i60_10_780;15;15.0
i60_10_781;1565;1569.3
i60_10_782;678;678.0
i60_10_783;885;885.1
i60_10_784;18;18.0
i60_10_785;1032;1032.0
i60_10_786;548;549.6
i60_10_787;369;369.0
i60_10_788;3275;3275.0
i60_10_789;50;50.0
i60_10_790;62;62.0
i60_10_791;10;10.0
i60_10_792;293;294.2
i60_10_793;4;4.0
i60_10_794;360;360.0
i60_10_795;663;663.0
i60_10_796;53;53.0
i60_10_797;442;442.4
i60_10_798;47;47.0
i60_10_799;81;81.0
i60_10_800;184;185.0
i60_10_801;194;194.0
i60_10_802;106;106.0
i60_10_803;91;91.1
i60_10_804;205;205.0
i60_10_805;1144;1144.0
i60_10_806;329;329.0
i60_10_807;201;201.1
i60_10_808;23;23.0
i60_10_809;3;3.0
i60_10_810;132;132.0
i60_10_811;838;838.0
i60_10_812;1037;1037.2
i60_10_813;119;119.0
i60_10_814;56;56.0
i60_10_815;134;134.0
i60_10_816;1121;1121.0
i60_10_817;2517;2517.0
i60_10_818;899;899.0
i60_10_819;442;442.4
i60_10_820;0;0.0
i60_10_821;33;33.0
i60_10_822;22;22.0
i60_10_823;23;23.0
i60_10_824;142;142.3
i60_10_825;253;253.0
i60_10_826;677;677.2
i60_10_827;135;135.0
i60_10_828;14;14.3
i60_10_829;93;93.0
i60_10_830;117;117.0
i60_10_831;215;215.0
i60_10_832;1571;1574.1
i60_10_833;167;167.0
i60_10_834;466;466.6
i60_10_835;186;186.0
i60_10_836;179;180.6
i60_10_837;276;276.0
i60_10_838;1814;1814.0
i60_10_839;32;32.0
i60_10_840;435;435.0
i60_10_841;678;678.0
i60_10_842;146;146.2
i60_10_843;1316;1316.2
i60_10_844;12;12.0
i60_10_845;147;147.0
i60_10_846;8;8.0
i60_10_847;109;109.0
i60_10_848;467;467.0
i60_10_849;0;0.0
i60_10_850;4;4.0
i60_10_851;343;343.0
i60_10_852;163;163.0
i60_10_853;0;0.0
i60_10_854;11;11.0
i60_10_855;195;195.0
i60_10_856;81;81.0
i60_10_857;62;62.0
i60_10_858;13;13.4
i60_10_859;227;227.0
i60_10_860;198;198.0
i60_10_861;103;103.0
i60_10_862;140;140.0
i60_10_863;25;25.0
i60_10_864;5;5.0
i60_10_865;18;18.4
i60_10_866;71;71.0
i60_10_867;8;8.0
i60_10_868;526;526.5
i60_10_869;65;65.0
i60_10_870;34;34.0
i60_10_871;882;882.2
i60_10_872;79;80.2
i60_10_873;366;366.6
i60_10_874;102;102.0
i60_10_875;37;37.0
i60_10_876;95;95.0
i60_10_877;96;96.0
i60_10_878;3;3.0
i60_10_879;21;21.0
i60_10_880;346;346.8
i60_10_881;93;93.0
i60_10_882;133;133.0
i60_10_883;170;170.0
i60_10_884;30;30.9
i60_10_885;235;235.0
i60_10_886;620;620.8
i60_10_887;1449;1449.0
i60_10_888;928;928.2
i60_10_889;1523;1523.0
i60_10_890;8;8.0
i60_10_891;74;74.0
i60_10_892;1872;1876.3
i60_10_893;972;974.2
i60_10_894;4;4.0
i60_10_895;396;396.0
i60_10_896;1;1.0
i60_10_897;57;57.0
i60_10_898;355;355.0
i60_10_899;30;30.7
i60_10_900;21;21.0
i60_10_901;142;142.0
i60_10_902;46;46.0
i60_10_903;565;565.0
i60_10_904;3454;3454.0
i60_10_905;0;0.0
i60_10_906;0;0.0
i60_10_907;575;575.0
i60_10_908;3229;3229.2
i60_10_909;332;332.0
i60_10_910;12;12.0
i60_10_911;1774;1775.4
i60_10_912;506;506.0
i60_10_913;540;540.3
i60_10_914;778;778.3
i60_10_915;747;747.0
i60_10_916;46;46.0
i60_10_917;846;846.8
i60_10_918;120;120.0
i60_10_919;795;796.5
i60_10_920;2533;2534.4
i60_10_921;162;162.0
i60_10_922;1660;1661.5
i60_10_923;72;72.0
i60_10_924;274;274.0
i60_10_925;2053;2053.0
i60_10_926;1064;1064.2
i60_10_927;599;599.1
i60_10_928;340;340.1
i60_10_929;52;52.0
i60_10_930;9;9.0
i60_10_931;603;603.0
i60_10_932;82;82.8
i60_10_933;53;53.0
i60_10_934;2071;2071.0
i60_10_935;457;457.5
i60_10_936;140;140.0
i60_10_937;851;851.0
i60_10_938;969;969.3
i60_10_939;70;70.0
i60_10_940;492;492.0
i60_10_941;2;2.0
i60_10_942;1750;1750.0
i60_10_943;257;257.0
i60_10_944;14;14.0
i60_10_945;1136;1137.8
i60_10_946;542;542.4
i60_10_947;15;15.0
i60_10_948;924;924.0
i60_10_949;144;144.0
i60_10_950;186;186.0
i60_10_951;24;24.0
i60_10_952;23;23.0
i60_10_953;255;255.1
i60_10_954;488;488.0
i60_10_955;177;177.0
i60_10_956;118;118.0
i60_10_957;115;115.0
i60_10_958;24;24.0
i60_10_959;1592;1592.6
i60_10_960;2;2.0
i60_10_961;134;134.0
i60_10_962;3;7.7
i60_10_963;459;459.8
i60_10_964;298;298.0
i60_10_965;85;85.0
i60_10_966;136;136.0
i60_10_967;2747;2747.0
i60_10_968;118;118.2
i60_10_969;1;1.0
i60_10_970;1852;1852.0
i60_10_971;760;760.2
i60_10_972;1079;1079.0
i60_10_973;38;38.0
i60_10_974;1013;1016.5
i60_10_975;954;954.9
i60_10_976;5;5.0
i60_10_977;42;42.0
i60_10_978;8;8.0
i60_10_979;16;16.0
i60_10_980;419;419.0
i60_10_981;2846;2846.0
i60_10_982;323;323.7
i60_10_983;64;64.0
i60_10_984;728;728.0
i60_10_985;623;623.0
i60_10_986;1730;1730.5
i60_10_987;68;68.0
i60_10_988;13;13.0
i60_10_989;2259;2259.2
i60_10_990;14;14.0
i60_10_991;304;304.0
i60_10_992;34;34.0
i60_10_993;19;19.0
i60_10_994;296;296.0
i60_10_995;1001;1001.0
i60_10_996;382;382.2
i60_10_997;1354;1354.0
i60_10_998;74;74.0
i60_10_999;135;135.0
i60_10_1000;3604;3609.0
i60_10_1001;117;117.0
i60_10_1002;703;703.0
i60_10_1003;2154;2154.0
i60_10_1004;295;295.4
i60_10_1005;1828;1828.0
i60_10_1006;1685;1685.0
i60_10_1007;1190;1190.0
i60_10_1008;534;534.0
i60_10_1009;46;46.0
i60_10_1010;118;118.0
i60_10_1011;179;179.0
i60_10_1012;4548;4549.7
i60_10_1013;662;662.3
i60_10_1014;911;911.5
i60_10_1015;1123;1123.9
i60_10_1016;61;61.0
i60_10_1017;366;366.0
i60_10_1018;22;22.0
i60_10_1019;169;169.4
i60_10_1020;0;0.0
i60_10_1021;565;565.0
i60_10_1022;1025;1025.0
i60_10_1023;423;423.0
i60_10_1024;25;25.0
i60_10_1025;53;53.0
i60_10_1026;2433;2433.0
i60_10_1027;107;107.0
i60_10_1028;509;509.0
i60_10_1029;342;342.2
i60_10_1030;668;668.0
i60_10_1031;71;71.0
i60_10_1032;616;618.6
i60_10_1033;123;123.0
i60_10_1034;3039;3039.0
i60_10_1035;1805;1805.1
i60_10_1036;29;29.0
i60_10_1037;723;723.0
i60_10_1038;78;78.0
i60_10_1039;922;924.5
i60_10_1040;284;285.5
i60_10_1041;1629;1631.5
i60_10_1042;0;0.0
i60_10_1043;164;164.0
i60_10_1044;32;32.0
i60_10_1045;507;507.0
i60_10_1046;355;355.0
i60_10_1047;275;275.0
i60_10_1048;89;89.6
i60_10_1049;5;5.0
i60_10_1050;202;202.3
i60_10_1051;309;309.0
i60_10_1052;27;27.0
i60_10_1053;425;425.0
i60_10_1054;1294;1294.0
i60_10_1055;314;314.0
i60_10_1056;7;7.0
i60_10_1057;142;142.0
i60_10_1058;701;701.5
i60_10_1059;128;128.1
i60_10_1060;2739;2739.0
i60_10_1061;442;442.4
i60_10_1062;391;391.0
i60_10_1063;1;1.0
i60_10_1064;365;365.0
i60_10_1065;133;133.0
i60_10_1066;85;85.0
i60_10_1067;990;992.5
i60_10_1068;105;105.0
i60_10_1069;402;402.2
i60_10_1070;587;587.7
i60_10_1071;1534;1534.0
i60_10_1072;2;2.0
i60_10_1073;25;25.0
i60_10_1074;177;177.0
i60_10_1075;181;181.0
i60_10_1076;188;188.0
i60_10_1077;11;11.0
i60_10_1078;8;8.0
i60_10_1079;517;517.0
i60_10_1080;4;4.0
i60_10_1081;47;47.0
i60_10_1082;112;112.0
i60_10_1083;1879;1879.0
i60_10_1084;1402;1402.0
i60_10_1085;268;268.0
i60_10_1086;655;655.7
i60_10_1087;287;287.2
i60_10_1088;393;393.6
i60_10_1089;1446;1446.0
i60_10_1090;82;82.0
i60_10_1091;1436;1438.9
i60_10_1092;2678;2678.0
i60_10_1093;64;64.0
i60_10_1094;200;200.0
i60_10_1095;349;349.0
i60_10_1096;280;280.2
i60_10_1097;498;498.0
i60_10_1098;522;522.2
i60_10_1099;0;0.0
i60_10_1100;79;79.0
i60_10_1101;84;84.1
i60_10_1102;78;78.0
i60_10_1103;31;31.0
i60_10_1104;843;843.0
i60_10_1105;48;48.0
i60_10_1106;1118;1118.0
i60_10_1107;2;2.0
i60_10_1108;906;907.5
i60_10_1109;524;524.0
i60_10_1110;33;33.0
i60_10_1111;1402;1402.0
i60_10_1112;2518;2519.3
i60_10_1113;238;238.0
i60_10_1114;165;165.0
i60_10_1115;816;816.0
i60_10_1116;352;352.0
i60_10_1117;514;514.0
i60_10_1118;14;14.0
i60_10_1119;302;302.6
i60_10_1120;549;549.0
i60_10_1121;29;29.2
i60_10_1122;1575;1576.9
i60_10_1123;47;48.9
i60_10_1124;273;273.1
i60_10_1125;441;441.5
i60_10_1126;264;264.0
i60_10_1127;1716;1717.8
i60_10_1128;101;101.0
i60_10_1129;1255;1255.0
i60_10_1130;176;176.0
i60_10_1131;1466;1466.0
i60_10_1132;226;226.5
i60_10_1133;67;67.0
i60_10_1134;357;358.6
i60_10_1135;2411;2411.0
i60_10_1136;304;304.0
i60_10_1137;70;70.0
i60_10_1138;83;83.0
i60_10_1139;541;541.0
i60_10_1140;50;50.6
i60_10_1141;4;4.0
i60_10_1142;251;254.5
i60_10_1143;749;752.9
i60_10_1144;650;650.0
i60_10_1145;22;22.0
i60_10_1146;1213;1213.9
i60_10_1147;758;758.3
i60_10_1148;113;113.0
i60_10_1149;309;309.0
i60_10_1150;1804;1804.0
i60_10_1151;211;211.0
i60_10_1152;20;20.0
i60_10_1153;113;113.0
i60_10_1154;1337;1337.0
i60_10_1155;225;225.0
i60_10_1156;1833;1835.7
i60_10_1157;11;11.0
i60_10_1158;522;522.0
i60_10_1159;158;158.5
i60_10_1160;1300;1300.0
i60_10_1161;220;220.0
i60_10_1162;33;33.0
i60_10_1163;13;13.0
i60_10_1164;1294;1294.6
i60_10_1165;9;9.0
i60_10_1166;694;694.0
i60_10_1167;123;123.0
i60_10_1168;515;516.2
i60_10_1169;99;99.0
i60_10_1170;0;0.0
i60_10_1171;167;167.0
i60_10_1172;8;8.0
i60_10_1173;135;135.0
i60_10_1174;184;184.0
i60_10_1175;4;4.0
i60_10_1176;6;6.0
i60_10_1177;78;78.6
i60_10_1178;1020;1020.0
i60_10_1179;723;723.0
i60_10_1180;1;1.0
i60_10_1181;2698;2698.0
i60_10_1182;43;43.3
i60_10_1183;0;0.0
i60_10_1184;241;241.0
i60_10_1185;58;58.0
i60_10_1186;32;32.0
i60_10_1187;106;106.0
i60_10_1188;951;952.7
i60_10_1189;2838;2838.3
i60_10_1190;2910;2910.2
i60_10_1191;237;237.0
i60_10_1192;448;448.0
i60_10_1193;127;127.0
i60_10_1194;307;307.3
i60_10_1195;9;9.0
i60_10_1196;564;564.0
i60_10_1197;258;258.0
i60_10_1198;40;40.0
i60_10_1199;101;101.0
i60_10_1200;324;324.0
i60_10_1201;33;33.0
i60_10_1202;880;880.2
i60_10_1203;972;973.7
i60_10_1204;1103;1103.0
i60_10_1205;135;135.8
i60_10_1206;410;410.0
i60_10_1207;77;78.2
i60_10_1208;4;4.0
i60_10_1209;62;62.0
i60_10_1210;237;237.7
i60_10_1211;1071;1071.0
i60_10_1212;546;546.0
i60_10_1213;0;0.0
i60_10_1214;24;24.0
i60_10_1215;50;50.0
i60_10_1216;478;478.0
i60_10_1217;470;470.0
i60_10_1218;1;1.0
i60_10_1219;4;4.0
i60_10_1220;0;0.0
i60_10_1221;2793;2793.0
i60_10_1222;11;11.0
i60_10_1223;474;474.0
i60_10_1224;41;41.0
i60_10_1225;2343;2343.4
i60_10_1226;0;0.0
i60_10_1227;1687;1687.2
i60_10_1228;743;743.2
i60_10_1229;210;210.0
i60_10_1230;0;0.0
i60_10_1231;0;0.0
i60_10_1232;690;690.0
i60_10_1233;1023;1023.0
i60_10_1234;502;504.8
i60_10_1235;2582;2582.0
i60_10_1236;966;966.6
i60_10_1237;269;269.5
i60_10_1238;38;38.0
i60_10_1239;167;167.0
i60_10_1240;928;928.9
i60_10_1241;4;4.0
i60_10_1242;292;292.0
i60_10_1243;1076;1076.0
i60_10_1244;1067;1068.2
i60_10_1245;741;741.4
i60_10_1246;22;22.0
i60_10_1247;1513;1513.0
i60_10_1248;411;411.8
i60_10_1249;158;158.0
i60_10_1250;42;42.0
i60_10_1251;194;194.0
i60_10_1252;376;376.3
i60_10_1253;1155;1155.2
i60_10_1254;199;199.0
i60_10_1255;646;646.0
i60_10_1256;690;692.5
i60_10_1257;43;43.0
i60_10_1258;2;2.0
i60_10_1259;1394;1394.0
i60_10_1260;316;316.0
i60_10_1261;4;4.0
i60_10_1262;173;173.0
i60_10_1263;404;404.3
i60_10_1264;803;803.0
i60_10_1265;950;950.0
i60_10_1266;411;412.0
i60_10_1267;73;73.0
i60_10_1268;2;2.1
i60_10_1269;279;279.0
i60_10_1270;59;59.0
i60_10_1271;44;44.0
i60_10_1272;1583;1583.6
i60_10_1273;95;95.0
i60_10_1274;76;76.0
i60_10_1275;12;12.0
i60_10_1276;204;204.0
i60_10_1277;482;482.6
i60_10_1278;634;636.5
i60_10_1279;162;162.0
i60_10_1280;77;77.1
i60_10_1281;1725;1725.3
i60_10_1282;515;515.0
i60_10_1283;19;19.0
i60_10_1284;27;27.0
i60_10_1285;107;107.0
i60_10_1286;30;30.0
i60_10_1287;149;149.0
i60_10_1288;29;29.0
i60_10_1289;281;281.0
i60_10_1290;82;82.0
i60_10_1291;209;209.0
i60_10_1292;3;3.0
i60_10_1293;288;288.0
i60_10_1294;46;46.0
i60_10_1295;0;0.0
i60_10_1296;687;687.8
i60_10_1297;2041;2041.0
i60_10_1298;1634;1634.0
i60_10_1299;152;152.0
i60_10_1300;289;289.0
i60_10_1301;965;965.0
i60_10_1302;988;988.0
i60_10_1303;42;42.0
i60_10_1304;426;426.0
i60_10_1305;417;417.0
i60_10_1306;4446;4446.0
i60_10_1307;865;865.7
i60_10_1308;69;69.0
i60_10_1309;119;119.0
i60_10_1310;543;543.0
i60_10_1311;1076;1076.0
i60_10_1312;1196;1196.2
i60_10_1313;90;90.0
i60_10_1314;3;3.0
i60_10_1315;672;675.0
i60_10_1316;128;128.0
i60_10_1317;269;269.0
i60_10_1318;29;29.0
i60_10_1319;208;208.0
i60_10_1320;3;3.1
i60_10_1321;1402;1402.0
i60_10_1322;55;55.0
i60_10_1323;350;350.0
i60_10_1324;95;96.0
i60_10_1325;69;69.0
i60_10_1326;1039;1039.0
i60_10_1327;595;595.3
i60_10_1328;40;41.0
i60_10_1329;282;282.4
i60_10_1330;361;361.0
i60_10_1331;610;610.6
i60_10_1332;131;131.0
i60_10_1333;71;71.0
i60_10_1334;2642;2642.9
i60_10_1335;109;109.0
i60_10_1336;48;48.0
i60_10_1337;42;42.0
i60_10_1338;106;106.0
i60_10_1339;40;40.0
i60_10_1340;47;47.0
i60_10_1341;29;29.0
i60_10_1342;117;117.0
i60_10_1343;5;5.0
i60_10_1344;176;176.0
i60_10_1345;206;206.0
i60_10_1346;79;79.0
i60_10_1347;27;27.0
i60_10_1348;0;0.0
i60_10_1349;1019;1019.0
i60_10_1350;152;152.0
i60_10_1351;261;262.4
i60_10_1352;2;2.0
i60_10_1353;271;271.0
i60_10_1354;1955;1955.0
i60_10_1355;341;341.0
i60_10_1356;35;35.0
i60_10_1357;568;568.0
i60_10_1358;72;72.0
i60_10_1359;7;7.0
i60_10_1360;154;154.0
i60_10_1361;66;66.0
i60_10_1362;70;70.0
i60_10_1363;390;390.0
i60_10_1364;2230;2230.0
i60_10_1365;27;27.0
i60_10_1366;71;71.3
i60_10_1367;1;1.0
i60_10_1368;303;303.4
i60_10_1369;1054;1059.2
i60_10_1370;359;359.0
i60_10_1371;66;66.0
i60_10_1372;49;49.0
i60_10_1373;1146;1146.0
i60_10_1374;866;866.7
i60_10_1375;2079;2079.0
i60_10_1376;1112;1112.0
i60_10_1377;882;882.0
i60_10_1378;3;3.0
i60_10_1379;603;603.0
i60_10_1380;438;438.0
i60_10_1381;1305;1309.4
i60_10_1382;2137;2137.0
i60_10_1383;60;60.0
i60_10_1384;475;475.2
i60_10_1385;436;436.0
i60_10_1386;105;105.0
i60_10_1387;175;175.0
i60_10_1388;14;14.0
i60_10_1389;17;17.0
i60_10_1390;641;641.2
i60_10_1391;142;142.0
i60_10_1392;769;770.5
i60_10_1393;166;166.0
i60_10_1394;4;4.0
i60_10_1395;8;8.0
i60_10_1396;2;2.0
i60_10_1397;109;109.3
i60_10_1398;454;457.6
i60_10_1399;99;99.0
i60_10_1400;1303;1304.0
i60_10_1401;393;393.0
i60_10_1402;281;281.0
i60_10_1403;227;227.0
i60_10_1404;122;122.0
i60_10_1405;127;127.0
i60_10_1406;5803;5803.2
i60_10_1407;2041;2042.7
i60_10_1408;64;64.6
i60_10_1409;686;686.1
i60_10_1410;177;177.0
i60_10_1411;80;80.0
i60_10_1412;489;489.0
i60_10_1413;1581;1581.0
i60_10_1414;111;111.0
i60_10_1415;471;472.9
i60_10_1416;0;0.0
i60_10_1417;0;0.0
i60_10_1418;642;642.7
i60_10_1419;1789;1789.4
i60_10_1420;2896;2896.0
i60_10_1421;19;19.0
i60_10_1422;10;10.0
i60_10_1423;10;10.0
i60_10_1424;188;191.4
i60_10_1425;1562;1562.0
i60_10_1426;27;27.0
i60_10_1427;12;12.0
i60_10_1428;574;574.0
i60_10_1429;610;610.5
i60_10_1430;71;71.0
i60_10_1431;1260;1260.0
i60_10_1432;870;870.6
i60_10_1433;1557;1558.1
i60_10_1434;223;223.0
i60_10_1435;873;873.3
i60_10_1436;130;130.0
i60_10_1437;50;50.0
i60_10_1438;130;130.0
i60_10_1439;439;439.0
i60_10_1440;24;24.0
i60_10_1441;56;56.0
i60_10_1442;39;39.0
i60_10_1443;1054;1054.0
i60_10_1444;754;754.0
i60_10_1445;1280;1280.0
i60_10_1446;1072;1072.1
i60_10_1447;242;242.0
i60_10_1448;257;257.0
i60_10_1449;578;579.7
i60_10_1450;372;372.0
i60_10_1451;554;557.8
i60_10_1452;7;7.0
i60_10_1453;1091;1091.0
i60_10_1454;33;33.0
i60_10_1455;501;504.0
i60_10_1456;243;243.0
i60_10_1457;282;282.0
i60_10_1458;1059;1059.9
i60_10_1459;2107;2107.7
i60_10_1460;466;466.0
i60_10_1461;97;97.0
i60_10_1462;27;27.0
i60_10_1463;408;408.0
i60_10_1464;386;386.0
i60_10_1465;39;39.0
i60_10_1466;60;60.0
i60_10_1467;2663;2665.1
i60_10_1468;306;306.0
i60_10_1469;7;7.0
i60_10_1470;64;64.5
i60_10_1471;458;458.0
i60_10_1472;1771;1771.9
i60_10_1473;31;31.2
i60_10_1474;131;131.0
i60_10_1475;102;102.3
i60_10_1476;44;44.0
i60_10_1477;180;180.4
i60_10_1478;1811;1811.0
i60_10_1479;746;746.0
i60_10_1480;1039;1039.0
i60_10_1481;522;522.0
i60_10_1482;367;367.0
i60_10_1483;186;186.0
i60_10_1484;828;828.0
i60_10_1485;70;70.0
i60_10_1486;308;308.5
i60_10_1487;58;58.0
i60_10_1488;13;13.0
i60_10_1489;181;181.0
i60_10_1490;2;2.0
i60_10_1491;71;71.0
i60_10_1492;15;15.0
i60_10_1493;44;44.0
i60_10_1494;60;60.0
i60_10_1495;586;586.9
i60_10_1496;547;547.0
i60_10_1497;793;793.0
i60_10_1498;3534;3535.2
i60_10_1499;1156;1156.0
i60_10_1500;346;346.0
i60_10_1501;92;92.0
i60_10_1502;274;274.0
i60_10_1503;164;164.0
i60_10_1504;340;341.2
i60_10_1505;311;311.0
i60_10_1506;703;703.0
i60_10_1507;7;7.0
i60_10_1508;44;44.0
i60_10_1509;501;501.0
i60_10_1510;133;133.0
i60_10_1511;1115;1115.2
i60_10_1512;108;108.0
i60_10_1513;79;79.0
i60_10_1514;147;147.0
i60_10_1515;71;71.0
i60_10_1516;249;249.0
i60_10_1517;373;373.0
i60_10_1518;260;260.0
i60_10_1519;79;79.0
i60_10_1520;331;331.0
i60_10_1521;278;278.0
i60_10_1522;344;346.5
i60_10_1523;301;301.0
i60_10_1524;615;619.7
i60_10_1525;299;299.0
i60_10_1526;56;56.0
i60_10_1527;1071;1071.0
i60_10_1528;77;77.5
i60_10_1529;1344;1344.0
i60_10_1530;415;415.0
i60_10_1531;238;238.0
i60_10_1532;440;440.0
i60_10_1533;410;410.0
i60_10_1534;223;223.3
i60_10_1535;16;16.0
i60_10_1536;44;44.0
i60_10_1537;462;462.0
i60_10_1538;645;646.3
i60_10_1539;299;299.0
i60_10_1540;10;10.0
i60_10_1541;107;107.0
i60_10_1542;139;139.0
i60_10_1543;234;234.0
i60_10_1544;634;635.6
i60_10_1545;144;144.0
i60_10_1546;267;267.0
i60_10_1547;1145;1145.0
i60_10_1548;31;31.0
i60_10_1549;26;26.0
i60_10_1550;54;56.1
i60_10_1551;31;31.0
i60_10_1552;9;9.0
i60_10_1553;14;14.0
i60_10_1554;1325;1325.2
i60_10_1555;102;102.5
i60_10_1556;2144;2144.0
i60_10_1557;226;227.0
i60_10_1558;463;463.0
i60_10_1559;962;962.9
i60_10_1560;90;90.0
i60_10_1561;0;0.0
i60_10_1562;676;679.4
i60_10_1563;129;129.0
i60_10_1564;902;902.0
i60_10_1565;18;18.0
i60_10_1566;20;20.0
i60_10_1567;62;62.0
i60_10_1568;533;534.4
i60_10_1569;685;685.4
i60_10_1570;157;157.0
i60_10_1571;7;7.0
i60_10_1572;8;8.0
i60_10_1573;661;661.2
i60_10_1574;540;540.0
i60_10_1575;220;220.0
i60_10_1576;811;813.7
i60_10_1577;338;338.0
i60_10_1578;298;298.0
i60_10_1579;65;65.0
i60_10_1580;442;442.2
i60_10_1581;77;77.0
i60_10_1582;446;446.0
i60_10_1583;751;751.0
i60_10_1584;282;282.0
i60_10_1585;775;775.0
i60_10_1586;329;330.8
i60_10_1587;91;91.0
i60_10_1588;12;12.0
i60_10_1589;820;820.0
i60_10_1590;0;0.0
i60_10_1591;520;520.0
i60_10_1592;324;324.9
i60_10_1593;920;922.6
i60_10_1594;22;22.5
i60_10_1595;893;894.5
i60_10_1596;498;498.2
i60_10_1597;216;216.0
i60_10_1598;281;281.0
i60_10_1599;2447;2447.0
i60_10_1600;609;610.0
i60_10_1601;486;487.3
i60_10_1602;432;432.1
i60_10_1603;1352;1352.0
i60_10_1604;1204;1204.1
i60_10_1605;77;77.0
i60_10_1606;1832;1832.0
i60_10_1607;187;187.0
i60_10_1608;351;351.0
i60_10_1609;11;11.0
i60_10_1610;34;34.0
i60_10_1611;271;271.0
i60_10_1612;305;305.0
i60_10_1613;2011;2011.0
i60_10_1614;487;487.0
i60_10_1615;82;82.0
i60_10_1616;19;19.0
i60_10_1617;759;759.0
i60_10_1618;1378;1378.0
i60_10_1619;1803;1806.8
i60_10_1620;1883;1883.0
i60_10_1621;57;57.0
i60_10_1622;152;152.5
i60_10_1623;183;183.0
i60_10_1624;799;800.2
i60_10_1625;294;294.2
i60_10_1626;5;5.0
i60_10_1627;191;191.3
i60_10_1628;33;33.0
i60_10_1629;9;9.0
i60_10_1630;1370;1370.0
i60_10_1631;30;30.0
i60_10_1632;287;287.0
i60_10_1633;43;43.0
i60_10_1634;1627;1627.0
i60_10_1635;233;233.0
i60_10_1636;85;85.0
i60_10_1637;10;10.0
i60_10_1638;9;9.0
i60_10_1639;926;926.0
i60_10_1640;114;114.0
i60_10_1641;750;751.9
i60_10_1642;49;49.0
i60_10_1643;166;166.0
i60_10_1644;57;57.0
i60_10_1645;191;191.0
i60_10_1646;841;843.8
i60_10_1647;1122;1122.0
i60_10_1648;65;65.0
i60_10_1649;36;36.0
i60_10_1650;661;661.0
i60_10_1651;1503;1503.6
i60_10_1652;736;736.0
i60_10_1653;116;116.0
i60_10_1654;653;653.1
i60_10_1655;14;14.0
i60_10_1656;983;983.0
i60_10_1657;447;447.0
i60_10_1658;282;282.0
i60_10_1659;56;56.0
i60_10_1660;20;20.0
i60_10_1661;33;33.3
i60_10_1662;105;108.3
i60_10_1663;553;553.0
i60_10_1664;195;195.0
i60_10_1665;1402;1402.0
i60_10_1666;21;21.0
i60_10_1667;37;37.0
i60_10_1668;528;528.0
i60_10_1669;1798;1798.3
i60_10_1670;20;20.0
i60_10_1671;1559;1559.0
i60_10_1672;642;646.5
i60_10_1673;8;8.0
i60_10_1674;1220;1220.0
i60_10_1675;258;258.0
i60_10_1676;1804;1804.6
i60_10_1677;0;0.0
i60_10_1678;1213;1213.0
i60_10_1679;1006;1006.4
i60_10_1680;400;400.0
i60_10_1681;264;264.2
i60_10_1682;810;810.0
i60_10_1683;960;960.0
i60_10_1684;54;54.0
i60_10_1685;18;18.0
i60_10_1686;893;894.5
i60_10_1687;107;107.0
i60_10_1688;1389;1389.0
i60_10_1689;267;267.8
i60_10_1690;61;61.0
i60_10_1691;345;345.0
i60_10_1692;1096;1096.0
i60_10_1693;5;5.0
i60_10_1694;744;744.9
i60_10_1695;1320;1320.0
i60_10_1696;72;72.0
i60_10_1697;2822;2822.0
i60_10_1698;52;52.0
i60_10_1699;1283;1283.8
i60_10_1700;0;0.0
i60_10_1701;10;10.0
i60_10_1702;1431;1431.0
i60_10_1703;667;667.0
i60_10_1704;1;1.0
i60_10_1705;452;452.0
i60_10_1706;448;448.0
i60_10_1707;173;173.2
i60_10_1708;1969;1969.0
i60_10_1709;647;647.0
i60_10_1710;18;18.0
i60_10_1711;773;773.0
i60_10_1712;542;543.2
i60_10_1713;1216;1216.0
i60_10_1714;91;91.0
i60_10_1715;18;18.0
i60_10_1716;1682;1682.0
i60_10_1717;169;169.0
i60_10_1718;98;98.0
i60_10_1719;83;86.2
i60_10_1720;0;0.0
i60_10_1721;188;188.0
i60_10_1722;234;234.0
i60_10_1723;485;485.0
i60_10_1724;34;34.0
i60_10_1725;972;972.0
i60_10_1726;333;333.0
i60_10_1727;160;160.0
i60_10_1728;73;73.0
i60_10_1729;1168;1168.8
i60_10_1730;11;11.0
i60_10_1731;765;765.0
i60_10_1732;737;737.6
i60_10_1733;8;8.0
i60_10_1734;154;154.4
i60_10_1735;98;98.0
i60_10_1736;27;27.0
i60_10_1737;0;0.0
i60_10_1738;42;42.0
i60_10_1739;1199;1199.0
i60_10_1740;145;145.0
i60_10_1741;350;350.0
i60_10_1742;179;179.0
i60_10_1743;364;364.0
i60_10_1744;314;314.0
i60_10_1745;522;523.3
i60_10_1746;14;14.0
i60_10_1747;161;161.0
i60_10_1748;7;7.0
i60_10_1749;827;827.0
i60_10_1750;1670;1673.1
i60_10_1751;357;357.0
i60_10_1752;66;66.0
i60_10_1753;22;22.0
i60_10_1754;1622;1622.0
i60_10_1755;71;71.0
i60_10_1756;1431;1432.1
i60_10_1757;0;0.0
i60_10_1758;89;89.0
i60_10_1759;435;436.0
i60_10_1760;90;90.6
i60_10_1761;9;9.0
i60_10_1762;2740;2740.0
i60_10_1763;447;447.0
i60_10_1764;1199;1199.0
i60_10_1765;0;0.0
i60_10_1766;344;344.0
i60_10_1767;622;622.0
i60_10_1768;410;410.9
i60_10_1769;152;152.0
i60_10_1770;22;23.0
i60_10_1771;1629;1630.0
i60_10_1772;1895;1896.4
i60_10_1773;21;21.0
i60_10_1774;290;290.0
i60_10_1775;64;64.0
i60_10_1776;459;459.0
i60_10_1777;277;277.0
i60_10_1778;1518;1518.0
i60_10_1779;103;103.0
i60_10_1780;1423;1423.0
i60_10_1781;292;292.0
i60_10_1782;155;155.0
i60_10_1783;345;345.1
i60_10_1784;113;113.1
i60_10_1785;1160;1161.8
i60_10_1786;0;0.0
i60_10_1787;122;122.0
i60_10_1788;864;864.5
i60_10_1789;69;69.0
i60_10_1790;31;31.0
i60_10_1791;118;118.0
i60_10_1792;458;458.0
i60_10_1793;0;0.0
i60_10_1794;154;154.0
i60_10_1795;21;21.0
i60_10_1796;34;34.0
i60_10_1797;5005;5005.5
i60_10_1798;1321;1321.0
i60_10_1799;307;307.4
i60_10_1800;2396;2396.0
i60_10_1801;1069;1069.4
i60_10_1802;620;620.0
i60_10_1803;60;60.0
i60_10_1804;130;130.0
i60_10_1805;192;192.0
i60_10_1806;64;64.0
i60_10_1807;1475;1475.6
i60_10_1808;1595;1595.0
i60_10_1809;472;472.0
i60_10_1810;834;835.8
i60_10_1811;2045;2045.0
i60_10_1812;629;630.8
i60_10_1813;445;445.0
i60_10_1814;3056;3056.6
i60_10_1815;314;314.0
i60_10_1816;14;14.0
i60_10_1817;12;12.0
i60_10_1818;152;152.0
i60_10_1819;98;98.0
i60_10_1820;67;67.0
i60_10_1821;63;63.0
i60_10_1822;612;614.4
i60_10_1823;3;3.0
i60_10_1824;491;491.0
i60_10_1825;222;222.0
i60_10_1826;31;31.0
i60_10_1827;141;141.0
i60_10_1828;46;46.0
i60_10_1829;178;178.0
i60_10_1830;1952;1952.0
i60_10_1831;108;108.0
i60_10_1832;3113;3113.0
i60_10_1833;166;166.0
i60_10_1834;8;8.0
i60_10_1835;1530;1530.6
i60_10_1836;1618;1618.4
i60_10_1837;543;543.0
i60_10_1838;436;436.0
i60_10_1839;696;696.2
i60_10_1840;1716;1716.0
i60_10_1841;57;57.0
i60_10_1842;236;236.0
i60_10_1843;317;317.0
i60_10_1844;519;519.0
i60_10_1845;0;0.0
i60_10_1846;711;713.8
i60_10_1847;1170;1170.0
i60_10_1848;1158;1158.4
i60_10_1849;401;401.0
i60_10_1850;184;184.0
i60_10_1851;815;815.0
i60_10_1852;119;119.0
i60_10_1853;727;727.0
i60_10_1854;210;210.0
i60_10_1855;1256;1256.0
i60_10_1856;258;258.0
i60_10_1857;1194;1194.0
i60_10_1858;1;1.0
i60_10_1859;15;15.0
i60_10_1860;537;537.0
i60_10_1861;37;37.0
i60_10_1862;687;687.0
i60_10_1863;188;188.0
i60_10_1864;577;577.0
i60_10_1865;3832;3832.6
i60_10_1866;138;138.0
i60_10_1867;5;5.0
i60_10_1868;10;10.0
i60_10_1869;411;411.7
i60_10_1870;276;276.7
i60_10_1871;1521;1521.0
i60_10_1872;30;30.0
i60_10_1873;406;406.0
i60_10_1874;576;576.0
i60_10_1875;198;198.0
i60_10_1876;127;127.0
i60_10_1877;246;246.0
i60_10_1878;25;25.0
i60_10_1879;635;635.0
i60_10_1880;94;94.0
i60_10_1881;719;721.8
i60_10_1882;888;888.0
i60_10_1883;971;971.8
i60_10_1884;934;934.6
i60_10_1885;336;336.0
i60_10_1886;17;17.0
i60_10_1887;1;1.0
i60_10_1888;88;88.0
i60_10_1889;1891;1892.7
i60_10_1890;0;0.0
i60_10_1891;974;974.0
i60_10_1892;1358;1358.0
i60_10_1893;112;112.0
i60_10_1894;60;60.2
i60_10_1895;0;1.3
i60_10_1896;133;133.0
i60_10_1897;104;104.0
i60_10_1898;3851;3851.3
i60_10_1899;1475;1475.0
i60_10_1900;87;87.0
i60_10_1901;1555;1555.4
i60_10_1902;755;756.6
i60_10_1903;305;305.8
i60_10_1904;83;83.0
i60_10_1905;0;0.0
i60_10_1906;322;322.0
i60_10_1907;1178;1178.1
i60_10_1908;762;762.0
i60_10_1909;3492;3492.8
i60_10_1910;339;339.0
i60_10_1911;110;110.0
i60_10_1912;22;22.0
i60_10_1913;81;81.0
i60_10_1914;388;388.0
i60_10_1915;116;116.0
i60_10_1916;1259;1260.8
i60_10_1917;855;855.0
i60_10_1918;9;9.0
i60_10_1919;1022;1022.0
i60_10_1920;17;17.0
i60_10_1921;2539;2539.0
i60_10_1922;30;30.0
i60_10_1923;1003;1003.5
i60_10_1924;215;215.0
i60_10_1925;3805;3807.2
i60_10_1926;226;226.0
i60_10_1927;88;88.0
i60_10_1928;15;15.0
i60_10_1929;197;197.0
i60_10_1930;1;1.0
i60_10_1931;18;18.0
i60_10_1932;326;326.0
i60_10_1933;21;21.0
i60_10_1934;1922;1922.0
i60_10_1935;217;217.2
i60_10_1936;142;142.0
i60_10_1937;57;57.0
i60_10_1938;841;841.4
i60_10_1939;147;147.0
i60_10_1940;252;252.0
i60_10_1941;216;216.0
i60_10_1942;489;489.0
i60_10_1943;361;361.0
i60_10_1944;26;26.0
i60_10_1945;1391;1391.0
i60_10_1946;93;93.0
i60_10_1947;489;489.0
i60_10_1948;240;240.0
i60_10_1949;263;263.0
i60_10_1950;75;75.0
i60_10_1951;196;196.0
i60_10_1952;1;1.0
i60_10_1953;126;126.0
i60_10_1954;1209;1209.0
i60_10_1955;35;35.0
i60_10_1956;331;331.0
i60_10_1957;405;406.3
i60_10_1958;415;415.0
i60_10_1959;0;0.0
i60_10_1960;313;313.0
i60_10_1961;427;427.0
i60_10_1962;465;465.0
i60_10_1963;1574;1574.0
i60_10_1964;761;761.0
i60_10_1965;436;436.0
i60_10_1966;1202;1202.0
i60_10_1967;307;307.1
i60_10_1968;41;41.0
i60_10_1969;526;526.0
i60_10_1970;226;226.0
i60_10_1971;480;480.0
i60_10_1972;1;1.0
i60_10_1973;144;144.0
i60_10_1974;349;349.0
i60_10_1975;2341;2343.6
i60_10_1976;112;112.0
i60_10_1977;68;68.0
i60_10_1978;1755;1755.0
i60_10_1979;921;921.0
i60_10_1980;236;236.0
i60_10_1981;35;35.0
i60_10_1982;29;29.0
i60_10_1983;75;75.0
i60_10_1984;1342;1342.1
i60_10_1985;1088;1088.0
i60_10_1986;17;17.0
i60_10_1987;164;164.0
i60_10_1988;920;920.0
i60_10_1989;0;0.0
i60_10_1990;282;282.0
i60_10_1991;195;195.0
i60_10_1992;49;49.0
i60_10_1993;1213;1213.0
i60_10_1994;77;77.0
i60_10_1995;179;179.0
i60_10_1996;1903;1906.7
i60_10_1997;749;749.0
i60_10_1998;5;7.0
i60_10_1999;118;118.0
i60_10_2000;43;43.0
