i60_10_8423.txt;4112;4144.2
i60_10_1127.txt;4011;4027
i60_10_213.txt;3974;3990.5
i60_10_2808.txt;3913;3924.8
i60_10_127.txt;3686;3722.7
i60_10_3694.txt;3840;3853.7
i60_10_8511.txt;3481;3502.1
i60_10_1111.txt;3611;3622.9
i60_10_4125.txt;3723;3734.6
i60_10_7721.txt;3412;3423.5
i60_10_380.txt;3538;3549.3
i60_10_9339.txt;3436;3453.4
i60_10_6859.txt;3593;3606.8
i60_10_7891.txt;3394;3417.9
i60_10_4334.txt;3563;3580
i60_10_7457.txt;3551;3558.5
i60_10_6016.txt;3394;3410.3
i60_10_4909.txt;3380;3402.2
i60_10_7054.txt;3485;3489.4
i60_10_4685.txt;3271;3288.6
i60_10_9196.txt;3371;3382.3
i60_10_9630.txt;3238;3251.9
i60_10_2246.txt;3030;3048.7
i60_10_6780.txt;3362;3370.3
i60_10_2845.txt;3162;3174.4
i60_10_4230.txt;3265;3271.9
i60_10_2790.txt;3209;3218.4
i60_10_3234.txt;3255;3272.4
i60_10_478.txt;3282;3296.4
i60_10_1447.txt;3143;3173.4
i60_10_3682.txt;3251;3268.5
i60_10_6657.txt;3060;3071.1
i60_10_6459.txt;3167;3173.9
i60_10_2565.txt;3095;3122.6
i60_10_3099.txt;2938;2957
i60_10_6866.txt;3000;3024.3
i60_10_6868.txt;3118;3126.6
i60_10_5321.txt;3059;3070.2
i60_10_2138.txt;3043;3051.4
i60_10_925.txt;3052;3064
i60_10_4221.txt;2950;2974.6
i60_10_6540.txt;2840;2855.6
i60_10_1342.txt;2976;2985
i60_10_2694.txt;3069;3083.3
i60_10_7136.txt;3018;3031.5
i60_10_6433.txt;2791;2805
i60_10_7436.txt;2803;2825.8
i60_10_3361.txt;2740;2755.7
i60_10_3953.txt;2890;2902.2
i60_10_4928.txt;2514;2525.3
i60_10_2276.txt;2907;2919.3
i60_10_5463.txt;2839;2859
i60_10_6086.txt;2856;2891.4
i60_10_4225.txt;2950;2963.4
i60_10_8261.txt;2937;2946.2
i60_10_1164.txt;2558;2572.4
i60_10_5935.txt;2908;2926.5
i60_10_9114.txt;2804;2818.1
i60_10_1709.txt;2957;2960.2
i60_10_8468.txt;2760;2770.7
i60_10_3630.txt;2904;2914.9
i60_10_1519.txt;2571;2601.7
i60_10_7970.txt;2697;2734.4
i60_10_2398.txt;2878;2904.8
i60_10_220.txt;2703;2724.4
i60_10_5627.txt;2738;2757.1
i60_10_3440.txt;2819;2828.5
i60_10_6701.txt;2653;2664.9
i60_10_5378.txt;2875;2886.5
i60_10_3066.txt;2585;2597.2
i60_10_3783.txt;2829;2836.9
i60_10_2769.txt;2848;2853.7
i60_10_3825.txt;2736;2760.4
i60_10_3973.txt;2710;2725.5
i60_10_2949.txt;2499;2509.9
i60_10_7949.txt;2750;2762.9
i60_10_9508.txt;2724;2734.9
i60_10_6576.txt;2661;2675.4
i60_10_9411.txt;2412;2432.9
i60_10_111.txt;2712;2730.5
i60_10_6627.txt;2515;2526.1
i60_10_9202.txt;2715;2723.5
i60_10_6043.txt;2752;2754.8
i60_10_5049.txt;2467;2489.5
i60_10_7320.txt;2652;2671.9
i60_10_6732.txt;2445;2467.9
i60_10_9958.txt;2785;2795
i60_10_1412.txt;2713;2723.8
i60_10_5498.txt;2685;2695.5
i60_10_1915.txt;2628;2647.2
i60_10_4597.txt;2527;2540.8
i60_10_9123.txt;2531;2538.8
i60_10_7954.txt;2665;2676.6
i60_10_9648.txt;2656;2661.9
i60_10_6642.txt;2602;2620.9
i60_10_1766.txt;2674;2690.8
i60_10_2935.txt;2638;2647.8
i60_10_9765.txt;2442;2461.9
i60_10_9342.txt;2469;2490.8
i60_10_1247.txt;2508;2522.8
i60_10_3338.txt;2627;2631.9
i60_10_987.txt;2655;2669.5
i60_10_815.txt;2587;2598.1
i60_10_2631.txt;2413;2428.4
i60_10_2417.txt;2568;2577.9
i60_10_1879.txt;2483;2485.9
i60_10_370.txt;2415;2431.4
i60_10_8701.txt;2568;2576.1
i60_10_7177.txt;2476;2489.1
i60_10_48.txt;2490;2504.2
i60_10_7883.txt;2530;2537.5
i60_10_4556.txt;2432;2442.3
i60_10_8220.txt;2589;2597.7
i60_10_9210.txt;2210;2220.4
i60_10_4048.txt;2487;2495.9
i60_10_1132.txt;2296;2312.1
i60_10_4711.txt;2366;2388.2
i60_10_3554.txt;2530;2539
i60_10_2564.txt;2408;2414.4
i60_10_2513.txt;2521;2528
i60_10_8879.txt;2474;2482.7
i60_10_8306.txt;2256;2283.9
i60_10_1440.txt;2494;2511.9
i60_10_4817.txt;2471;2479.6
i60_10_7238.txt;2317;2328.4
i60_10_8796.txt;2519;2529.7
i60_10_2027.txt;2301;2309.3
i60_10_3345.txt;2428;2437.5
i60_10_938.txt;2128;2136.7
i60_10_516.txt;2196;2206.5
i60_10_1631.txt;2357;2368.6
i60_10_1044.txt;2138;2152.3
i60_10_3094.txt;2204;2219.6
i60_10_894.txt;2356;2364.2
i60_10_5519.txt;2307;2320.4
i60_10_9436.txt;2480;2488.6
i60_10_3062.txt;2404;2427.9
i60_10_3995.txt;2367;2387.9
i60_10_1627.txt;2252;2270.5
i60_10_4240.txt;2449;2454.5
i60_10_1616.txt;2453;2469.3
i60_10_7913.txt;2052;2076.1
i60_10_6747.txt;2382;2394.1
i60_10_5992.txt;2362;2371
i60_10_5344.txt;2495;2499.4
i60_10_1190.txt;2252;2277.6
i60_10_3053.txt;2014;2035.3
i60_10_1971.txt;2124;2135
i60_10_8953.txt;2355;2382
i60_10_2396.txt;2348;2356.8
i60_10_5832.txt;2157;2175
i60_10_8145.txt;2299;2309
i60_10_7140.txt;2304;2311.3
i60_10_1802.txt;2403;2408.9
i60_10_8327.txt;2489;2491.7
i60_10_8497.txt;2224;2227.7
i60_10_5963.txt;2092;2108.7
i60_10_5611.txt;2361;2387.5
i60_10_2185.txt;2469;2477.6
i60_10_336.txt;2203;2222.8
i60_10_7412.txt;2312;2322.6
i60_10_7993.txt;2131;2140
i60_10_8127.txt;2263;2275.4
i60_10_9389.txt;2299;2310.3
i60_10_6111.txt;2157;2168.2
i60_10_3220.txt;2280;2290.1
i60_10_2773.txt;2380;2392.2
i60_10_7613.txt;2078;2086.5
i60_10_6622.txt;2235;2250.2
i60_10_761.txt;2352;2353.8
i60_10_2505.txt;2222;2238.4
i60_10_9609.txt;2215;2225
i60_10_3017.txt;2098;2117.1
i60_10_6033.txt;2316;2319.7
i60_10_6745.txt;2297;2305
i60_10_687.txt;2123;2146.6
i60_10_7575.txt;2299;2314.1
i60_10_6778.txt;1924;1940.7
i60_10_6971.txt;2331;2346.2
i60_10_4478.txt;2226;2232.9
i60_10_9806.txt;2226;2245.5
i60_10_6509.txt;2124;2145.5
i60_10_9529.txt;2100;2114.1
i60_10_4559.txt;2317;2326.4
i60_10_9551.txt;2237;2250.8
i60_10_7599.txt;2263;2274.4
i60_10_1718.txt;2145;2154.4
i60_10_4121.txt;2228;2238.9
i60_10_9683.txt;2127;2140.2
i60_10_6195.txt;2242;2249.3
i60_10_4076.txt;2303;2307.4
i60_10_2778.txt;2186;2214.8
i60_10_3963.txt;2150;2161.9
i60_10_8786.txt;2324;2333.4
i60_10_1407.txt;2063;2084.1
i60_10_8871.txt;2276;2276.2
i60_10_8501.txt;2150;2161
i60_10_8380.txt;2175;2196.6
i60_10_9578.txt;2325;2328.7
i60_10_5101.txt;2022;2030.9
i60_10_1985.txt;2308;2315.6
i60_10_1055.txt;2213;2234.4
i60_10_6633.txt;2277;2291
i60_10_1192.txt;2065;2085.2
i60_10_3389.txt;2312;2320.3
i60_10_9785.txt;2261;2268.2
i60_10_6056.txt;2245;2255.7
i60_10_7778.txt;2171;2187.3
i60_10_1702.txt;2190;2208
i60_10_5005.txt;2255;2269.9
i60_10_695.txt;2230;2241.4
i60_10_3027.txt;2085;2093.9
i60_10_7626.txt;2133;2149.1
i60_10_7385.txt;2184;2195.2
i60_10_5420.txt;2075;2096.9
i60_10_4572.txt;2192;2208.2
i60_10_9766.txt;2186;2197.9
i60_10_1391.txt;2140;2150.1
i60_10_9814.txt;2155;2170.5
i60_10_3060.txt;1751;1768.4
i60_10_1825.txt;2284;2289.6
i60_10_7048.txt;2193;2201
i60_10_2162.txt;2038;2051.9
i60_10_2345.txt;2178;2185.9
i60_10_8448.txt;2199;2206.1
i60_10_8097.txt;2148;2157.7
i60_10_8016.txt;2071;2076.6
i60_10_1892.txt;2208;2223.4
i60_10_8523.txt;2082;2111.8
i60_10_9963.txt;2205;2208.6
i60_10_8754.txt;2071;2090.5
i60_10_7167.txt;2091;2107.4
i60_10_2508.txt;2082;2093.7
i60_10_5649.txt;2178;2184.3
i60_10_4378.txt;2237;2239
i60_10_2222.txt;2242;2249.4
i60_10_7933.txt;2105;2113.1
i60_10_8534.txt;2068;2086.1
i60_10_175.txt;2106;2128.8
i60_10_2682.txt;1877;1903.7
i60_10_862.txt;2144;2153.9
i60_10_8035.txt;2020;2032.1
i60_10_3510.txt;2187;2201.6
i60_10_2082.txt;2088;2100.4
i60_10_8034.txt;2153;2161.6
i60_10_3831.txt;2201;2203.5
i60_10_7282.txt;1981;2005.3
i60_10_5115.txt;2194;2197.3
i60_10_4769.txt;2124;2129.6
i60_10_5393.txt;2107;2113.7
i60_10_3832.txt;2166;2174.3
i60_10_2224.txt;2129;2133.4
i60_10_2611.txt;2100;2121.4
i60_10_5487.txt;2087;2111.6
i60_10_9858.txt;2128;2134.4
i60_10_4257.txt;2184;2191.8
i60_10_851.txt;2139;2155.4
i60_10_3735.txt;2147;2160.4
i60_10_9827.txt;2228;2235.7
i60_10_2718.txt;2107;2117.9
i60_10_9298.txt;2009;2022.6
i60_10_5901.txt;2211;2217
i60_10_3723.txt;2044;2054.3
i60_10_9517.txt;1999;2002.8
i60_10_9192.txt;2141;2150.8
i60_10_7429.txt;2171;2179.7
i60_10_9595.txt;2111;2117.5
i60_10_3512.txt;1964;1978.9
i60_10_6917.txt;2016;2025.1
i60_10_9218.txt;1872;1884.8
i60_10_6815.txt;1933;1938.9
i60_10_7349.txt;1888;1905.2
i60_10_8342.txt;2104;2111.1
i60_10_3452.txt;2219;2221.3
i60_10_3737.txt;1994;2009.7
i60_10_3258.txt;1966;1983.3
i60_10_6740.txt;2004;2014.2
i60_10_6964.txt;1901;1931.2
i60_10_9017.txt;2152;2160.7
i60_10_7322.txt;2076;2094.3
i60_10_537.txt;2081;2088.3
i60_10_455.txt;1770;1783.2
i60_10_3669.txt;2025;2030.6
i60_10_6133.txt;1988;2000.5
i60_10_7770.txt;2031;2042.8
i60_10_3901.txt;2013;2021
i60_10_8141.txt;1986;1999.3
i60_10_741.txt;2148;2155.1
i60_10_3140.txt;2168;2175.7
i60_10_4164.txt;2039;2050.6
i60_10_488.txt;1895;1900.8
i60_10_8172.txt;1780;1797.7
i60_10_6.txt;2008;2020.2
i60_10_1637.txt;2066;2076.3
i60_10_3486.txt;2017;2025.1
i60_10_4277.txt;1893;1908.1
i60_10_159.txt;1969;1975.8
i60_10_446.txt;1886;1894.5
i60_10_1890.txt;1995;2007.1
i60_10_1761.txt;1965;1975.9
i60_10_6621.txt;1987;1996.8
i60_10_705.txt;2145;2150.7
i60_10_1106.txt;2049;2065.5
i60_10_1341.txt;2038;2060.1
i60_10_4470.txt;1754;1769.1
i60_10_6676.txt;1988;2002.9
i60_10_5846.txt;1855;1864.8
i60_10_1116.txt;2127;2128.1
i60_10_8875.txt;1931;1935.2
i60_10_3799.txt;2030;2037.3
i60_10_3806.txt;1836;1851.3
i60_10_5964.txt;2049;2060.7
i60_10_375.txt;1846;1862.8
i60_10_349.txt;2052;2061.6
i60_10_3752.txt;1713;1744.9
i60_10_4642.txt;1700;1711.8
i60_10_7964.txt;1958;1961
i60_10_4075.txt;1818;1834.7
i60_10_3468.txt;2063;2069.1
i60_10_3124.txt;1999;2005.7
i60_10_1442.txt;2071;2078.1
i60_10_8874.txt;2023;2032.2
i60_10_4103.txt;1966;1975.6
i60_10_631.txt;1866;1877.9
i60_10_4585.txt;2026;2029.8
i60_10_2482.txt;1931;1947.2
i60_10_4619.txt;1853;1876.2
i60_10_7455.txt;1978;1984.6
i60_10_7441.txt;1748;1754.8
i60_10_3856.txt;1767;1789.5
i60_10_4168.txt;1959;1965.7
i60_10_8278.txt;1991;1995.6
i60_10_5612.txt;2031;2037.5
i60_10_8004.txt;1890;1898.5
i60_10_5949.txt;1856;1865.5
i60_10_5157.txt;1833;1852.4
i60_10_7426.txt;1969;1977.8
i60_10_2681.txt;1880;1885.9
i60_10_8057.txt;1958;1966.7
i60_10_9692.txt;1638;1670.6
i60_10_2950.txt;1945;1951.8
i60_10_9547.txt;1859;1875.7
i60_10_604.txt;2035;2040.2
i60_10_6806.txt;1859;1873.7
i60_10_7239.txt;1916;1925.2
i60_10_4152.txt;1983;1989.4
i60_10_37.txt;1850;1864.4
i60_10_419.txt;1809;1817
i60_10_2480.txt;1821;1836.1
i60_10_6714.txt;1714;1725.2
i60_10_5093.txt;1942;1952.6
i60_10_2397.txt;1960;1963.7
i60_10_7172.txt;1596;1609.3
i60_10_7916.txt;2036;2038.3
i60_10_3002.txt;1976;1979
i60_10_5709.txt;1894;1925.4
i60_10_1629.txt;1499;1516.1
i60_10_1950.txt;1859;1868.1
i60_10_4671.txt;1945;1957.5
i60_10_6760.txt;1842;1856.9
i60_10_3179.txt;1949;1953.6
i60_10_438.txt;2003;2010.7
i60_10_8281.txt;1873;1887.4
i60_10_376.txt;1815;1831.4
i60_10_72.txt;1793;1805.2
i60_10_3113.txt;1887;1895.2
i60_10_7659.txt;1889;1901
i60_10_3535.txt;1839;1844.9
i60_10_7709.txt;1775;1786.4
i60_10_4712.txt;1806;1815.6
i60_10_6036.txt;1804;1807
i60_10_7824.txt;1907;1924.8
i60_10_7638.txt;1949;1954.2
i60_10_8451.txt;1612;1620.5
i60_10_1418.txt;1861;1879.4
i60_10_1420.txt;1965;1970.7
i60_10_5202.txt;1803;1813.2
i60_10_9507.txt;1961;1968.3
i60_10_4535.txt;1918;1930.7
i60_10_261.txt;1864;1872.1
i60_10_8543.txt;1865;1872.3
i60_10_3986.txt;1899;1904
i60_10_7138.txt;1799;1828
i60_10_3049.txt;1972;1977.1
i60_10_9660.txt;1823;1836.2
i60_10_5305.txt;1871;1878.6
i60_10_445.txt;1909;1913.7
i60_10_8954.txt;1652;1665.3
i60_10_916.txt;1775;1783.3
i60_10_2740.txt;1876;1891.1
i60_10_7269.txt;1965;1968.2
i60_10_31.txt;1653;1663.2
i60_10_1897.txt;1601;1613.2
i60_10_5272.txt;1892;1896
i60_10_4919.txt;1727;1737.3
i60_10_1968.txt;1783;1788.5
i60_10_8293.txt;1920;1926.9
i60_10_4702.txt;1861;1875.9
i60_10_7486.txt;1854;1883.6
i60_10_8541.txt;1816;1832.8
i60_10_2136.txt;1776;1796.6
i60_10_423.txt;1693;1697.4
i60_10_8231.txt;1603;1618.1
i60_10_2618.txt;1823;1842.3
i60_10_5526.txt;1780;1795.3
i60_10_8647.txt;1892;1895.3
i60_10_4781.txt;1820;1838
i60_10_3121.txt;1770;1786.1
i60_10_1755.txt;1867;1876.3
i60_10_5327.txt;1859;1868.7
i60_10_5668.txt;1859;1863.9
i60_10_9589.txt;1867;1885.7
i60_10_4938.txt;1781;1802.4
i60_10_2963.txt;1835;1846.1
i60_10_6589.txt;1562;1580
i60_10_4066.txt;1641;1651.3
i60_10_5375.txt;1826;1834.5
i60_10_2158.txt;1733;1742.6
i60_10_2184.txt;1588;1605.9
i60_10_5721.txt;1735;1759.1
i60_10_3209.txt;1607;1612.9
i60_10_8490.txt;1860;1867
i60_10_4365.txt;1530;1532.4
i60_10_7257.txt;1766;1789.2
i60_10_4850.txt;1720;1738.7
i60_10_5267.txt;1796;1806.1
i60_10_1603.txt;1811;1827.9
i60_10_2934.txt;1897;1903.5
i60_10_8540.txt;1632;1637.7
i60_10_928.txt;1759;1768.6
i60_10_4716.txt;1688;1702.2
i60_10_5632.txt;1884;1889.4
i60_10_5910.txt;1724;1733.2
i60_10_1275.txt;1751;1759.8
i60_10_7445.txt;1935;1938.4
i60_10_42.txt;1794;1804.7
i60_10_1513.txt;1691;1711.9
i60_10_9434.txt;1870;1872.1
i60_10_8984.txt;1706;1714.2
i60_10_3709.txt;1590;1617.7
i60_10_5902.txt;1685;1695.6
i60_10_5315.txt;1712;1718.5
i60_10_2607.txt;1740;1765.8
i60_10_2000.txt;1609;1623.5
i60_10_7005.txt;1827;1832.5
i60_10_3797.txt;1716;1726
i60_10_6520.txt;1719;1724.8
i60_10_8267.txt;1774;1785.1
i60_10_9527.txt;1718;1727.3
i60_10_572.txt;1781;1787.6
i60_10_5595.txt;1838;1848
i60_10_1934.txt;1817;1830.3
i60_10_4705.txt;1636;1644.8
i60_10_9820.txt;1861;1867.3
i60_10_3889.txt;1674;1689.8
i60_10_5275.txt;1439;1462.3
i60_10_8607.txt;1779;1793.9
i60_10_4506.txt;1740;1754.6
i60_10_3347.txt;1741;1755
i60_10_3088.txt;1774;1793.8
i60_10_5362.txt;1588;1602.3
i60_10_6839.txt;1687;1704
i60_10_5873.txt;1767;1776.6
i60_10_2742.txt;1659;1668.1
i60_10_9568.txt;1805;1816.5
i60_10_4851.txt;1783;1791.5
i60_10_9751.txt;1777;1792.4
i60_10_9169.txt;1741;1757.2
i60_10_3290.txt;1728;1739.2
i60_10_7689.txt;1776;1781.6
i60_10_1725.txt;1702;1713.8
i60_10_6613.txt;1871;1874.7
i60_10_1506.txt;1662;1669.1
i60_10_8824.txt;1646;1653.4
i60_10_7851.txt;1573;1579.5
i60_10_4139.txt;1812;1815.2
i60_10_1727.txt;1706;1725.5
i60_10_9260.txt;1687;1704.3
i60_10_6358.txt;1501;1508.7
i60_10_7941.txt;1573;1578.5
i60_10_5734.txt;1694;1701
i60_10_2904.txt;1619;1633.8
i60_10_7544.txt;1695;1712.3
i60_10_6661.txt;1639;1642.9
i60_10_7194.txt;1689;1699.7
i60_10_5006.txt;1759;1763
i60_10_623.txt;1673;1688.2
i60_10_281.txt;1729;1743.4
i60_10_7838.txt;1732;1751.9
i60_10_9936.txt;1763;1775.9
i60_10_3464.txt;1816;1828.7
i60_10_5646.txt;1715;1727.9
i60_10_2453.txt;1720;1734.3
i60_10_2235.txt;1553;1560.6
i60_10_2608.txt;1839;1844.6
i60_10_3275.txt;1696;1702.6
i60_10_6482.txt;1751;1758.8
i60_10_1408.txt;1727;1738.7
i60_10_1756.txt;1653;1664.4
i60_10_2089.txt;1669;1683.1
i60_10_1032.txt;1736;1742.2
i60_10_6963.txt;1746;1756.1
i60_10_415.txt;1777;1786
i60_10_9585.txt;1677;1691.4
i60_10_6902.txt;1720;1737.8
i60_10_3857.txt;1459;1466.6
i60_10_3666.txt;1707;1716.6
i60_10_1584.txt;1670;1672.9
i60_10_1018.txt;1757;1763.3
i60_10_5281.txt;1746;1753
i60_10_7276.txt;1672;1683.1
i60_10_1433.txt;1589;1604
i60_10_5313.txt;1799;1801.9
i60_10_8671.txt;1570;1585.7
i60_10_6350.txt;1443;1449.4
i60_10_1661.txt;1600;1610.3
i60_10_2702.txt;1640;1650.3
i60_10_5648.txt;1739;1745.9
i60_10_1889.txt;1530;1538.9
i60_10_6554.txt;1767;1769.7
i60_10_763.txt;1700;1711.7
i60_10_6912.txt;1777;1778.8
i60_10_8398.txt;1598;1605.9
i60_10_4753.txt;1470;1481.2
i60_10_3174.txt;1652;1669.9
i60_10_9753.txt;1499;1525
i60_10_9699.txt;1711;1717.5
i60_10_465.txt;1511;1528.6
i60_10_2933.txt;1507;1524.4
i60_10_5976.txt;1541;1549.4
i60_10_8206.txt;1577;1583
i60_10_4656.txt;1436;1442.6
i60_10_7931.txt;1705;1710.5
i60_10_4479.txt;1645;1653.9
i60_10_157.txt;1474;1491.6
i60_10_2814.txt;1613;1626.8
i60_10_2104.txt;1551;1560.2
i60_10_9401.txt;1553;1579.4
i60_10_2973.txt;1697;1701.7
i60_10_535.txt;1579;1611.4
i60_10_956.txt;1500;1510.6
i60_10_5796.txt;1641;1658.8
i60_10_959.txt;1490;1501.5
i60_10_1834.txt;1647;1660.5
i60_10_7124.txt;1655;1666.1
i60_10_7461.txt;1529;1545.5
i60_10_9832.txt;1462;1472.3
i60_10_5388.txt;1475;1481.1
i60_10_3726.txt;1708;1710.2
i60_10_8426.txt;1527;1544
i60_10_2441.txt;1650;1655.8
i60_10_4353.txt;1588;1597
i60_10_2592.txt;1619;1633
i60_10_1477.txt;1680;1685.9
i60_10_2951.txt;1556;1576.6
i60_10_1540.txt;1683;1687.4
i60_10_9810.txt;1565;1569.6
i60_10_742.txt;1517;1529.9
i60_10_3295.txt;1667;1678.1
i60_10_7036.txt;1644;1654.9
i60_10_665.txt;1366;1367.6
i60_10_7731.txt;1686;1700.2
i60_10_436.txt;1647;1661.2
i60_10_8348.txt;1651;1663.6
i60_10_3397.txt;1599;1606.7
i60_10_524.txt;1733;1745.3
i60_10_1168.txt;1495;1514.2
i60_10_5925.txt;1546;1552.4
i60_10_9848.txt;1674;1683.7
i60_10_817.txt;1681;1685.8
i60_10_5946.txt;1694;1697.7
i60_10_3343.txt;1588;1607.7
i60_10_5520.txt;1623;1638.9
i60_10_7628.txt;1558;1564.2
i60_10_2893.txt;1613;1622.1
i60_10_8012.txt;1698;1702.1
i60_10_96.txt;1572;1578
i60_10_9403.txt;1701;1708.4
i60_10_494.txt;1616;1631.5
i60_10_8897.txt;1555;1557.9
i60_10_6130.txt;1456;1475.4
i60_10_7176.txt;1590;1598.2
i60_10_8046.txt;1335;1344
i60_10_6368.txt;1573;1580
i60_10_5843.txt;1568;1579.6
i60_10_1674.txt;1539;1552.3
i60_10_4977.txt;1491;1503
i60_10_5151.txt;1601;1612.7
i60_10_3456.txt;1572;1578.9
i60_10_3483.txt;1534;1547.5
i60_10_2125.txt;1619;1623.5
i60_10_6481.txt;1625;1632.7
i60_10_1499.txt;1602;1610.2
i60_10_8276.txt;1601;1612.6
i60_10_6448.txt;1641;1651.8
i60_10_2269.txt;1656;1662.7
i60_10_7968.txt;1477;1489.1
i60_10_7635.txt;1519;1528.2
i60_10_8217.txt;1483;1494.7
i60_10_1820.txt;1518;1525.6
i60_10_6502.txt;1587;1600.6
i60_10_4120.txt;1650;1653.4
i60_10_2838.txt;1593;1602.9
i60_10_6906.txt;1594;1609
i60_10_9875.txt;1525;1537.6
i60_10_8066.txt;1566;1583.8
i60_10_1211.txt;1578;1583.6
i60_10_4360.txt;1481;1492.3
i60_10_8169.txt;1426;1436.2
i60_10_791.txt;1281;1291.9
i60_10_5252.txt;1403;1419.3
i60_10_5782.txt;1517;1537.2
i60_10_1041.txt;1534;1545
i60_10_2979.txt;1361;1367.5
i60_10_3265.txt;1510;1521.9
i60_10_3268.txt;1650;1672.1
i60_10_5535.txt;1618;1623.4
i60_10_1414.txt;1557;1568.6
i60_10_7215.txt;1490;1497.5
i60_10_5792.txt;1266;1276.5
i60_10_5868.txt;1313;1318.4
i60_10_2876.txt;1372;1374.3
i60_10_6017.txt;1611;1623.3
i60_10_7191.txt;1410;1421.5
i60_10_2452.txt;1606;1611.2
i60_10_7202.txt;1566;1579.2
i60_10_2190.txt;1433;1446
i60_10_2304.txt;1580;1589.9
i60_10_7011.txt;1499;1505.7
i60_10_5552.txt;1609;1623.3
i60_10_7396.txt;1490;1497.9
i60_10_7132.txt;1591;1600.3
i60_10_5885.txt;1616;1621
i60_10_1741.txt;1497;1520.7
i60_10_4867.txt;1627;1633.1
i60_10_6504.txt;1521;1532
i60_10_4602.txt;1543;1554.6
i60_10_4123.txt;1470;1478.5
i60_10_2228.txt;1585;1590.2
i60_10_6315.txt;1404;1416.1
i60_10_5981.txt;1517;1544.5
i60_10_8140.txt;1466;1481.4
i60_10_1928.txt;1547;1554.2
i60_10_1581.txt;1563;1570.8
i60_10_9317.txt;1448;1454
i60_10_452.txt;1610;1612.4
i60_10_6655.txt;1542;1558.3
i60_10_7882.txt;1562;1568.7
i60_10_6262.txt;1598;1610
i60_10_9427.txt;1413;1426
i60_10_2856.txt;1549;1569.1
i60_10_6159.txt;1564;1581.7
i60_10_1552.txt;1632;1634.6
i60_10_9538.txt;1314;1327.8
i60_10_9711.txt;1542;1550
i60_10_8636.txt;1450;1464.3
i60_10_2097.txt;1554;1565.2
i60_10_7432.txt;1607;1608.8
i60_10_2864.txt;1498;1518.5
i60_10_3218.txt;1509;1520.5
i60_10_8243.txt;1479;1499.5
i60_10_713.txt;1408;1428.9
i60_10_7109.txt;1590;1595.1
i60_10_6727.txt;1399;1409.9
i60_10_5557.txt;1238;1266.9
i60_10_9182.txt;1519;1527.2
i60_10_4825.txt;1580;1595.4
i60_10_3766.txt;1392;1398.3
i60_10_5197.txt;1576;1582.6
i60_10_4129.txt;1554;1567.3
i60_10_307.txt;1589;1595.4
i60_10_4296.txt;1529;1536.3
i60_10_5439.txt;1514;1522.5
i60_10_3139.txt;1290;1295
i60_10_8179.txt;1129;1142.7
i60_10_5418.txt;1311;1325.2
i60_10_9755.txt;1427;1437.6
i60_10_2739.txt;1423;1436
i60_10_9120.txt;1434;1441.2
i60_10_9111.txt;1441;1457.3
i60_10_1828.txt;1617;1622.2
i60_10_332.txt;1507;1528.4
i60_10_8785.txt;1457;1469.5
i60_10_2518.txt;1462;1482.6
i60_10_6279.txt;1185;1199.7
i60_10_3561.txt;1509;1528.7
i60_10_3494.txt;1525;1537.6
i60_10_9909.txt;1433;1442.1
i60_10_8096.txt;1442;1453.3
i60_10_1546.txt;1493;1503
i60_10_5724.txt;1571;1584.6
i60_10_4982.txt;1306;1335.2
i60_10_3172.txt;1599;1605.9
i60_10_7700.txt;1215;1226.3
i60_10_4516.txt;1539;1544.9
i60_10_6108.txt;1514;1519.7
i60_10_3589.txt;1662;1664.5
i60_10_7357.txt;1468;1477.6
i60_10_628.txt;1373;1382.7
i60_10_9207.txt;1543;1545.1
i60_10_6709.txt;1436;1448.5
i60_10_9233.txt;1336;1351.6
i60_10_6804.txt;1548;1561.1
i60_10_7139.txt;1591;1595.8
i60_10_2610.txt;1530;1535.9
i60_10_2492.txt;1461;1465.5
i60_10_846.txt;1510;1522.4
i60_10_5681.txt;1440;1461
i60_10_7232.txt;1524;1540.3
i60_10_4967.txt;1257;1265.8
i60_10_561.txt;1453;1461.6
i60_10_4067.txt;1336;1355.7
i60_10_9598.txt;1441;1454.1
i60_10_9738.txt;1578;1595.7
i60_10_5069.txt;1467;1472.7
i60_10_5097.txt;1514;1534.6
i60_10_146.txt;1364;1388.8
i60_10_1678.txt;1434;1439.6
i60_10_5765.txt;1396;1404.4
i60_10_858.txt;1500;1508.2
i60_10_6956.txt;1296;1303.5
i60_10_4282.txt;1417;1427.4
i60_10_4056.txt;1490;1500
i60_10_992.txt;1440;1454.3
i60_10_7967.txt;1447;1451.2
i60_10_5644.txt;1367;1380.8
i60_10_9587.txt;1407;1416.2
i60_10_9663.txt;1412;1428.3
i60_10_6438.txt;1565;1565.3
i60_10_4460.txt;1412;1422
i60_10_9340.txt;1510;1514.7
i60_10_6155.txt;1441;1453
i60_10_8846.txt;1488;1494.1
i60_10_6686.txt;1198;1204.3
i60_10_6620.txt;1398;1408.3
i60_10_1878.txt;1501;1522.1
i60_10_5131.txt;1344;1374.5
i60_10_4741.txt;1516;1520.9
i60_10_4440.txt;1337;1351.5
i60_10_737.txt;1374;1379.1
i60_10_9458.txt;1397;1409.8
i60_10_5625.txt;1434;1450.1
i60_10_8795.txt;1488;1494.3
i60_10_3018.txt;1528;1532.1
i60_10_5482.txt;1464;1472.7
i60_10_2853.txt;1396;1404.9
i60_10_7762.txt;1516;1536.9
i60_10_1630.txt;1307;1318.3
i60_10_9869.txt;1442;1450.2
i60_10_828.txt;1416;1433
i60_10_289.txt;1456;1460.2
i60_10_2956.txt;1507;1517
i60_10_3431.txt;1496;1506.8
i60_10_4896.txt;1251;1268.2
i60_10_4640.txt;1390;1395.2
i60_10_7331.txt;1538;1544.7
i60_10_9195.txt;1453;1460.3
i60_10_4841.txt;1483;1490.4
i60_10_1473.txt;1524;1527.6
i60_10_6169.txt;1601;1606.5
i60_10_3710.txt;1473;1476.4
i60_10_3772.txt;1400;1411.6
i60_10_3647.txt;1469;1481.8
i60_10_2321.txt;1397;1406.4
i60_10_4858.txt;1481;1483.1
i60_10_6634.txt;1484;1491.4
i60_10_812.txt;1460;1470.1
i60_10_177.txt;1489;1497
i60_10_9548.txt;1348;1365.9
i60_10_8170.txt;1392;1406.5
i60_10_9141.txt;1391;1408.9
i60_10_4636.txt;1494;1516.8
i60_10_5085.txt;1455;1468.8
i60_10_6077.txt;1520;1530.1
i60_10_5112.txt;1491;1493.8
i60_10_9906.txt;1459;1468.3
i60_10_6772.txt;1554;1554.8
i60_10_4648.txt;1426;1457.4
i60_10_8918.txt;1330;1343.9
i60_10_4589.txt;1380;1385.3
i60_10_5501.txt;1453;1465.5
i60_10_3057.txt;1145;1158.3
i60_10_2869.txt;1331;1342.1
i60_10_2467.txt;1451;1459
i60_10_7795.txt;1527;1531.3
i60_10_3921.txt;1425;1433.2
i60_10_8235.txt;1286;1290.2
i60_10_5185.txt;1452;1473.5
i60_10_2212.txt;1457;1465.1
i60_10_6827.txt;1409;1417.7
i60_10_6059.txt;1332;1345.4
i60_10_3408.txt;1387;1393.1
i60_10_1153.txt;1477;1483.5
i60_10_7752.txt;1130;1142.4
i60_10_9407.txt;1481;1492.3
i60_10_1773.txt;1132;1135.9
i60_10_4193.txt;1403;1414.6
i60_10_9203.txt;1515;1517.2
i60_10_2892.txt;1567;1568.4
i60_10_4835.txt;1444;1455.5
i60_10_2052.txt;1493;1503.1
i60_10_904.txt;1513;1516.5
i60_10_9968.txt;1449;1460.1
i60_10_9237.txt;1248;1262.3
i60_10_9372.txt;1346;1357.6
i60_10_6803.txt;1407;1428
i60_10_5499.txt;1512;1519.2
i60_10_3680.txt;1184;1197.1
i60_10_5283.txt;1434;1450.2
i60_10_2204.txt;1170;1185.5
i60_10_6055.txt;1217;1222.1
i60_10_2384.txt;1469;1480.9
i60_10_4126.txt;1394;1404.8
i60_10_7203.txt;1385;1395
i60_10_8386.txt;1304;1307.5
i60_10_8020.txt;1484;1492.2
i60_10_1824.txt;1434;1436.9
i60_10_1003.txt;1222;1226.5
i60_10_8612.txt;1392;1399.3
i60_10_5465.txt;1392;1400.2
i60_10_5982.txt;1460;1462.3
i60_10_3551.txt;1197;1217.3
i60_10_1493.txt;1520;1524.2
i60_10_639.txt;1351;1361
i60_10_7127.txt;1235;1249.8
i60_10_5346.txt;1307;1320.4
i60_10_9929.txt;1410;1418.1
i60_10_6473.txt;1390;1401.6
i60_10_5497.txt;1400;1404.6
i60_10_6770.txt;1414;1424.3
i60_10_1565.txt;1377;1386.7
i60_10_8139.txt;1190;1206.6
i60_10_8130.txt;1423;1430.4
i60_10_4077.txt;1332;1346.3
i60_10_1790.txt;1529;1531.4
i60_10_4569.txt;1546;1552.7
i60_10_6899.txt;1156;1172.8
i60_10_3627.txt;1342;1358
i60_10_7925.txt;1284;1295.3
i60_10_9571.txt;1321;1330.1
i60_10_3391.txt;1482;1497
i60_10_6452.txt;1314;1330
i60_10_4785.txt;1276;1279.3
i60_10_1588.txt;1353;1367.9
i60_10_2732.txt;1365;1371.2
i60_10_3388.txt;1422;1427.2
i60_10_5458.txt;1250;1266.9
i60_10_1117.txt;1274;1274
i60_10_776.txt;1329;1339.7
i60_10_8121.txt;1390;1397.8
i60_10_4338.txt;1290;1306.4
i60_10_3152.txt;1045;1048.1
i60_10_2523.txt;1425;1434.6
i60_10_4893.txt;1395;1398
i60_10_1088.txt;1438;1451.1
i60_10_747.txt;1275;1297.2
i60_10_1109.txt;1093;1111.1
i60_10_8358.txt;1325;1335.8
i60_10_66.txt;1445;1455.6
i60_10_1832.txt;1339;1353.7
i60_10_7327.txt;1507;1510.5
i60_10_6767.txt;1328;1337.1
i60_10_8666.txt;1345;1368.5
i60_10_3013.txt;1366;1378
i60_10_245.txt;1277;1296.9
i60_10_8906.txt;1436;1442.4
i60_10_3608.txt;1329;1339.2
i60_10_1817.txt;1127;1148.9
i60_10_8972.txt;1498;1502.1
i60_10_8859.txt;1436;1438.5
i60_10_8296.txt;1275;1292.9
i60_10_2086.txt;1289;1315
i60_10_7073.txt;1444;1449.7
i60_10_7956.txt;1331;1340.4
i60_10_5914.txt;1254;1262.5
i60_10_9782.txt;1306;1317.6
i60_10_8307.txt;1469;1471.5
i60_10_263.txt;1417;1421.1
i60_10_4045.txt;1381;1398.4
i60_10_1946.txt;1286;1296.5
i60_10_8809.txt;1380;1386.9
i60_10_8988.txt;1029;1033.6
i60_10_3507.txt;1310;1321.2
i60_10_3165.txt;1488;1490.2
i60_10_8564.txt;1494;1504.1
i60_10_3403.txt;1243;1256.4
i60_10_9311.txt;1509;1514.7
i60_10_6592.txt;1389;1395.3
i60_10_1662.txt;1264;1272.1
i60_10_1177.txt;1291;1297.5
i60_10_6010.txt;1364;1377.3
i60_10_2034.txt;1363;1370.6
i60_10_9542.txt;1296;1309.1
i60_10_1920.txt;1409;1414.5
i60_10_7977.txt;970;982.5
i60_10_3820.txt;1394;1413.4
i60_10_9670.txt;1417;1420.3
i60_10_5033.txt;1390;1402.5
i60_10_2715.txt;1345;1355.3
i60_10_10.txt;1429;1432
i60_10_196.txt;1199;1207.8
i60_10_8870.txt;1363;1373.6
i60_10_2100.txt;1328;1337.8
i60_10_8225.txt;1421;1429.4
i60_10_9618.txt;1431;1434.8
i60_10_5983.txt;1264;1273.9
i60_10_8532.txt;1464;1469.5
i60_10_6061.txt;1381;1399.3
i60_10_1716.txt;1336;1341.4
i60_10_9297.txt;1342;1354.9
i60_10_5953.txt;1363;1369.8
i60_10_8291.txt;1269;1272.1
i60_10_2268.txt;1406;1418
i60_10_3961.txt;1470;1471.1
i60_10_7514.txt;1417;1419.2
i60_10_8105.txt;1434;1435.2
i60_10_5377.txt;1092;1098.7
i60_10_1872.txt;1318;1324.8
i60_10_6139.txt;1236;1244.4
i60_10_2627.txt;1261;1266.2
i60_10_2265.txt;1259;1275.8
i60_10_6728.txt;1369;1375.8
i60_10_3969.txt;1238;1251.9
i60_10_1228.txt;1328;1356.2
i60_10_315.txt;1431;1433.1
i60_10_5929.txt;1395;1401.5
i60_10_2432.txt;1396;1410.6
i60_10_2534.txt;1434;1444.2
i60_10_9110.txt;1479;1488.7
i60_10_8807.txt;1286;1305.6
i60_10_3321.txt;1192;1203.9
i60_10_9087.txt;1303;1317.9
i60_10_2297.txt;1204;1215.3
i60_10_8338.txt;1143;1159.5
i60_10_5604.txt;1343;1350.5
i60_10_2387.txt;1232;1246.9
i60_10_9314.txt;1321;1345.5
i60_10_35.txt;1219;1231.6
i60_10_4483.txt;1431;1433.7
i60_10_8513.txt;1346;1363.6
i60_10_6552.txt;1165;1173
i60_10_5675.txt;1392;1401
i60_10_7852.txt;1353;1358
i60_10_803.txt;1270;1283.1
i60_10_3927.txt;1286;1297.3
i60_10_4691.txt;1381;1387.7
i60_10_8256.txt;1300;1308.2
i60_10_640.txt;1223;1227.7
i60_10_2891.txt;1199;1211.2
i60_10_4560.txt;1222;1225.8
i60_10_3119.txt;1328;1335.6
i60_10_6547.txt;1176;1190.4
i60_10_5704.txt;1309;1317.3
i60_10_493.txt;1051;1059.7
i60_10_9777.txt;1178;1190.8
i60_10_3660.txt;1409;1412.5
i60_10_7075.txt;1374;1382.1
i60_10_6898.txt;1310;1328.3
i60_10_9320.txt;1353;1370.9
i60_10_4595.txt;1278;1292.8
i60_10_6469.txt;1242;1251
i60_10_1799.txt;1095;1098.2
i60_10_6532.txt;1321;1341.3
i60_10_8898.txt;1316;1320
i60_10_7685.txt;1124;1133.2
i60_10_654.txt;1175;1180.3
i60_10_2459.txt;1332;1347.2
i60_10_5300.txt;1320;1334.5
i60_10_8473.txt;1353;1357.2
i60_10_7279.txt;1194;1198.8
i60_10_9494.txt;1266;1284.6
i60_10_4606.txt;1290;1300.7
i60_10_1330.txt;1287;1297.7
i60_10_6562.txt;1156;1172.4
i60_10_8904.txt;1126;1134.8
i60_10_8230.txt;1269;1282.7
i60_10_8412.txt;1196;1209.3
i60_10_155.txt;1315;1322.8
i60_10_1776.txt;1166;1182.1
i60_10_5125.txt;1290;1300.3
i60_10_7677.txt;1290;1301.8
i60_10_4382.txt;1365;1380.9
i60_10_8655.txt;1320;1329.2
i60_10_2685.txt;1164;1181.6
i60_10_4618.txt;1305;1321.2
i60_10_9846.txt;1079;1084.6
i60_10_8054.txt;1275;1288.4
i60_10_739.txt;1299;1307.1
i60_10_4819.txt;1266;1274.5
i60_10_6374.txt;1253;1261.9
i60_10_5518.txt;1290;1312
i60_10_2376.txt;1250;1258.8
i60_10_7365.txt;941;958.3
i60_10_7657.txt;1346;1364.9
i60_10_5514.txt;1191;1201.2
i60_10_4557.txt;1338;1340.4
i60_10_6808.txt;1226;1235.7
i60_10_7572.txt;1243;1251.9
i60_10_1397.txt;1232;1235.4
i60_10_7523.txt;1154;1160.7
i60_10_7589.txt;1251;1259.6
i60_10_2920.txt;1281;1289
i60_10_2821.txt;1224;1237.3
i60_10_9519.txt;1083;1115
i60_10_4544.txt;1277;1292.6
i60_10_7218.txt;1200;1221
i60_10_2842.txt;1272;1288.4
i60_10_8003.txt;1360;1369.6
i60_10_5322.txt;1327;1332.5
i60_10_1299.txt;1151;1157.6
i60_10_9472.txt;1375;1376.1
i60_10_526.txt;1150;1164.3
i60_10_9528.txt;1233;1237.4
i60_10_9863.txt;1245;1263.8
i60_10_856.txt;1239;1257.5
i60_10_4666.txt;1313;1321.7
i60_10_1022.txt;1127;1129.3
i60_10_7368.txt;1327;1338.9
i60_10_1060.txt;1159;1166.5
i60_10_4004.txt;1168;1185.8
i60_10_8483.txt;1284;1301.1
i60_10_5697.txt;1300;1305.3
i60_10_1873.txt;804;805.5
i60_10_9524.txt;1134;1145.5
i60_10_9391.txt;1271;1275.8
i60_10_9082.txt;1203;1210
i60_10_3622.txt;1097;1099.2
i60_10_3091.txt;1153;1162.9
i60_10_4313.txt;1216;1229.2
i60_10_3016.txt;1336;1347
i60_10_3471.txt;1274;1276.8
i60_10_766.txt;1206;1224.6
i60_10_8294.txt;1050;1057.9
i60_10_8374.txt;1350;1356.3
i60_10_7332.txt;1440;1444.4
i60_10_6011.txt;1056;1073.1
i60_10_5894.txt;1243;1255
i60_10_8542.txt;1381;1381.2
i60_10_1944.txt;1038;1040.9
i60_10_3926.txt;966;971.2
i60_10_6338.txt;1010;1023
i60_10_6672.txt;1287;1295.8
i60_10_6677.txt;1243;1252.2
i60_10_8682.txt;1123;1130.5
i60_10_2308.txt;1222;1234.6
i60_10_1517.txt;1199;1212.2
i60_10_8305.txt;1245;1250.3
i60_10_1640.txt;1345;1348.1
i60_10_6424.txt;1140;1146.6
i60_10_9209.txt;1255;1264
i60_10_4.txt;1170;1179.9
i60_10_9918.txt;1178;1184.6
i60_10_8839.txt;1230;1234.4
i60_10_3596.txt;1225;1228.4
i60_10_7766.txt;1181;1188
i60_10_2360.txt;1331;1334.8
i60_10_7274.txt;1288;1293.2
i60_10_3457.txt;1204;1211.6
i60_10_109.txt;946;969.3
i60_10_824.txt;1240;1256.5
i60_10_8618.txt;1191;1201.7
i60_10_9001.txt;1283;1288.1
i60_10_9095.txt;974;991
i60_10_7030.txt;1302;1306
i60_10_9098.txt;1167;1178.5
i60_10_8459.txt;1150;1152.4
i60_10_1961.txt;934;949.3
i60_10_8558.txt;1146;1155.5
i60_10_9871.txt;1297;1300.7
i60_10_9008.txt;1157;1168.6
i60_10_2932.txt;1300;1309.1
i60_10_3954.txt;1036;1043.9
i60_10_6512.txt;1294;1295.2
i60_10_5171.txt;1119;1123.9
i60_10_7500.txt;1322;1329.5
i60_10_2914.txt;1049;1062.1
i60_10_9350.txt;1303;1305.5
i60_10_8070.txt;1270;1276.3
i60_10_2549.txt;1134;1144.3
i60_10_823.txt;1024;1026.8
i60_10_87.txt;1266;1274.5
i60_10_6687.txt;1018;1019.8
i60_10_6443.txt;1353;1354.3
i60_10_6451.txt;1088;1096.9
i60_10_7498.txt;1085;1089.1
i60_10_5705.txt;1267;1271.1
i60_10_1612.txt;1173;1181
i60_10_4880.txt;1418;1419.4
i60_10_7538.txt;1144;1153
i60_10_6321.txt;1253;1263.2
i60_10_719.txt;1301;1306.9
i60_10_6894.txt;1063;1069.6
i60_10_6972.txt;1141;1151.6
i60_10_6765.txt;1021;1030.6
i60_10_7063.txt;985;989.5
i60_10_1854.txt;1306;1312.2
i60_10_5994.txt;1254;1267.9
i60_10_4992.txt;1377;1377.8
i60_10_8478.txt;1113;1116.7
i60_10_7485.txt;1356;1356.1
i60_10_8665.txt;1209;1217.8
i60_10_3353.txt;1263;1269.4
i60_10_4255.txt;1244;1251.5
i60_10_8257.txt;1327;1329.8
i60_10_1090.txt;1018;1029.8
i60_10_2911.txt;1095;1115.6
i60_10_1671.txt;1184;1200.3
i60_10_6717.txt;1197;1207.9
i60_10_2552.txt;1139;1148.6
i60_10_8189.txt;1239;1248.6
i60_10_6515.txt;1311;1317.7
i60_10_2433.txt;1065;1070.1
i60_10_6692.txt;1107;1114.3
i60_10_6034.txt;1151;1157.2
i60_10_7018.txt;1199;1218.9
i60_10_249.txt;1259;1269.1
i60_10_2770.txt;1200;1205.5
i60_10_1199.txt;1098;1109.6
i60_10_6206.txt;1054;1061
i60_10_8011.txt;1009;1021.7
i60_10_5343.txt;1094;1101
i60_10_9395.txt;1190;1200.3
i60_10_8319.txt;1150;1161.6
i60_10_9996.txt;1002;1006.8
i60_10_8500.txt;1128;1133.6
i60_10_6925.txt;966;987.5
i60_10_8563.txt;1025;1027.5
i60_10_3332.txt;1264;1281.7
i60_10_3893.txt;1264;1278.5
i60_10_971.txt;1289;1291.9
i60_10_348.txt;1308;1313.5
i60_10_1927.txt;1219;1230.4
i60_10_3784.txt;1160;1166.5
i60_10_6647.txt;1219;1222.5
i60_10_5783.txt;1307;1310.3
i60_10_6591.txt;1207;1216.2
i60_10_3366.txt;1222;1229.1
i60_10_5041.txt;1061;1064.9
i60_10_1128.txt;1229;1233.8
i60_10_7497.txt;1194;1196.5
i60_10_7424.txt;1064;1081.1
i60_10_4064.txt;1318;1324.5
i60_10_8556.txt;1230;1240.8
i60_10_3696.txt;1133;1139.4
i60_10_7358.txt;1156;1163.4
i60_10_4708.txt;1119;1131.5
i60_10_5002.txt;1248;1255.6
i60_10_8427.txt;1050;1070.5
i60_10_9971.txt;1100;1111.8
i60_10_7088.txt;1256;1258.9
i60_10_3169.txt;1127;1136.1
i60_10_4519.txt;1039;1050.7
i60_10_4875.txt;1180;1188.5
i60_10_738.txt;1280;1284.7
i60_10_1808.txt;1148;1158.4
i60_10_2134.txt;1109;1120.5
i60_10_7437.txt;1162;1167.4
i60_10_5169.txt;1112;1121.3
i60_10_8685.txt;1223;1240
i60_10_3373.txt;1137;1149.5
i60_10_8418.txt;1011;1012.7
i60_10_2157.txt;1181;1186.8
i60_10_9637.txt;1211;1221.5
i60_10_3922.txt;1213;1220.7
i60_10_1677.txt;1179;1190.1
i60_10_5746.txt;1185;1195
i60_10_5544.txt;1251;1258.3
i60_10_1883.txt;1100;1106.6
i60_10_6164.txt;1217;1224.9
i60_10_3390.txt;1137;1149.3
i60_10_8269.txt;958;961.8
i60_10_2852.txt;1161;1172.3
i60_10_4333.txt;1248;1252.6
i60_10_9661.txt;1044;1055.8
i60_10_4435.txt;1113;1125.7
i60_10_21.txt;1152;1159.4
i60_10_1781.txt;1091;1103.9
i60_10_8800.txt;1042;1054
i60_10_4751.txt;1223;1233.1
i60_10_9799.txt;1262;1264.3
i60_10_1123.txt;1147;1154.5
i60_10_3761.txt;1181;1193.2
i60_10_921.txt;1132;1138.7
i60_10_252.txt;1095;1105.3
i60_10_4824.txt;1207;1210.8
i60_10_299.txt;1113;1128.8
i60_10_2545.txt;1102;1107.8
i60_10_8132.txt;1208;1219.9
i60_10_6404.txt;1092;1096.2
i60_10_7836.txt;1180;1183.8
i60_10_2084.txt;1104;1112.1
i60_10_4693.txt;1163;1168.5
i60_10_9042.txt;1050;1053.4
i60_10_8823.txt;1200;1204.7
i60_10_7975.txt;1305;1307.1
i60_10_9056.txt;1086;1096.8
i60_10_2871.txt;1240;1247.1
i60_10_9277.txt;1213;1218.2
i60_10_5363.txt;1029;1066.3
i60_10_5389.txt;1196;1208.8
i60_10_262.txt;1096;1102.6
i60_10_7903.txt;1061;1083.2
i60_10_2098.txt;1001;1016.2
i60_10_4531.txt;1078;1085.3
i60_10_4960.txt;1154;1169.5
i60_10_3208.txt;1179;1191.8
i60_10_2124.txt;1089;1098.4
i60_10_542.txt;1174;1186.4
i60_10_6485.txt;1115;1118.1
i60_10_3499.txt;1208;1214.7
i60_10_514.txt;1072;1082.6
i60_10_8328.txt;1083;1093.8
i60_10_8955.txt;1231;1247.3
i60_10_2093.txt;1119;1137.4
i60_10_7845.txt;1199;1209.1
i60_10_9593.txt;997;1005.6
i60_10_7886.txt;1214;1219.5
i60_10_5863.txt;1160;1175.1
i60_10_9624.txt;1110;1120.4
i60_10_7367.txt;1184;1195
i60_10_5369.txt;1232;1235
i60_10_211.txt;903;904.8
i60_10_7242.txt;852;858.3
i60_10_4783.txt;1031;1041.2
i60_10_4724.txt;1007;1012.6
i60_10_173.txt;1243;1250
i60_10_3461.txt;948;948.7
i60_10_2475.txt;1183;1187
i60_10_3564.txt;1136;1141.8
i60_10_3030.txt;940;948
i60_10_6179.txt;1227;1230.4
i60_10_1368.txt;1027;1033.1
i60_10_5823.txt;1060;1069.8
i60_10_1287.txt;1084;1100.5
i60_10_147.txt;928;930.1
i60_10_7476.txt;1175;1187.2
i60_10_3906.txt;1145;1156.4
i60_10_7630.txt;1138;1150.1
i60_10_5371.txt;1128;1153.5
i60_10_8186.txt;1164;1176.2
i60_10_6907.txt;1078;1084.8
i60_10_1107.txt;968;975.9
i60_10_2678.txt;975;992.1
i60_10_3158.txt;1267;1267.4
i60_10_2659.txt;1055;1056.9
i60_10_1522.txt;1165;1174.3
i60_10_2255.txt;1254;1257.7
i60_10_8733.txt;1028;1034.6
i60_10_1411.txt;1165;1175.4
i60_10_8099.txt;974;980.9
i60_10_4788.txt;1150;1162.2
i60_10_7360.txt;1070;1071.5
i60_10_4485.txt;1141;1147.1
i60_10_6007.txt;1226;1228.7
i60_10_7898.txt;1062;1067.9
i60_10_2407.txt;1147;1154.5
i60_10_186.txt;1136;1142.5
i60_10_3864.txt;1050;1055.2
i60_10_6398.txt;1044;1053.3
i60_10_1636.txt;1101;1108.1
i60_10_8964.txt;1237;1242.4
i60_10_6373.txt;1158;1174.1
i60_10_334.txt;1001;1004.5
i60_10_7265.txt;976;979.5
i60_10_4790.txt;1172;1184.2
i60_10_4603.txt;1093;1101.8
i60_10_9089.txt;960;982
i60_10_8221.txt;1119;1120.4
i60_10_2859.txt;1198;1209.3
i60_10_6809.txt;1000;1015.7
i60_10_3796.txt;1173;1186.2
i60_10_9011.txt;1138;1146.5
i60_10_5196.txt;1107;1112.7
i60_10_8530.txt;1249;1252.6
i60_10_5302.txt;1188;1191.8
i60_10_5001.txt;1219;1222.2
i60_10_6527.txt;1134;1147.7
i60_10_6395.txt;1087;1103.5
i60_10_7758.txt;1157;1163.3
i60_10_1423.txt;1052;1053.8
i60_10_2083.txt;1044;1048.7
i60_10_3019.txt;1272;1272
i60_10_5506.txt;1089;1097.7
i60_10_3974.txt;866;872.7
i60_10_6606.txt;1102;1112.3
i60_10_3763.txt;1122;1132.7
i60_10_752.txt;1007;1014.4
i60_10_1841.txt;1020;1025.9
i60_10_1746.txt;943;947.9
i60_10_1762.txt;1126;1138.1
i60_10_8390.txt;1023;1033.4
i60_10_8474.txt;1119;1132.5
i60_10_6160.txt;1180;1187.3
i60_10_4745.txt;1016;1022.9
i60_10_484.txt;1183;1193.1
i60_10_9053.txt;961;980.3
i60_10_2882.txt;1111;1117.9
i60_10_8640.txt;887;903.6
i60_10_3226.txt;1183;1191.9
i60_10_5444.txt;1148;1153.6
i60_10_6551.txt;1103;1115.4
i60_10_9639.txt;1077;1083.7
i60_10_4918.txt;1179;1187.1
i60_10_3989.txt;1003;1008.6
i60_10_9584.txt;1002;1009
i60_10_8850.txt;1067;1092.9
i60_10_6564.txt;950;958.1
i60_10_4451.txt;823;825.9
i60_10_9986.txt;1032;1040.2
i60_10_412.txt;1070;1077.6
i60_10_1259.txt;1046;1056.8
i60_10_8805.txt;1006;1007.5
i60_10_7946.txt;979;986.8
i60_10_8806.txt;1024;1042
i60_10_312.txt;1047;1055
i60_10_9854.txt;1157;1163.8
i60_10_7200.txt;1005;1012.9
i60_10_7857.txt;1170;1176.9
i60_10_1611.txt;1115;1130.6
i60_10_4185.txt;1154;1154.3
i60_10_895.txt;1076;1085.2
i60_10_9687.txt;806;811.8
i60_10_684.txt;1033;1042.8
i60_10_7012.txt;1047;1052.4
i60_10_8193.txt;1148;1158.5
i60_10_885.txt;1081;1093
i60_10_2210.txt;999;1008
i60_10_7119.txt;1100;1103.9
i60_10_2336.txt;1083;1090
i60_10_5279.txt;1149;1155.2
i60_10_8722.txt;1089;1096.3
i60_10_221.txt;1063;1070.9
i60_10_8741.txt;1078;1091.9
i60_10_1028.txt;1092;1107.7
i60_10_1252.txt;1042;1049.4
i60_10_8498.txt;1150;1155.1
i60_10_8527.txt;1129;1133
i60_10_2420.txt;1014;1023
i60_10_43.txt;1079;1087.7
i60_10_5163.txt;890;890.5
i60_10_9483.txt;1047;1058.5
i60_10_5549.txt;1141;1147.3
i60_10_3925.txt;1086;1089.6
i60_10_4289.txt;968;979.9
i60_10_4078.txt;832;837.4
i60_10_2438.txt;1135;1142.7
i60_10_4355.txt;959;966.2
i60_10_3516.txt;1119;1128.8
i60_10_5040.txt;1088;1098.9
i60_10_2671.txt;970;970.9
i60_10_9482.txt;1143;1150.7
i60_10_9775.txt;806;809
i60_10_9626.txt;1191;1197.9
i60_10_1939.txt;1100;1104.9
i60_10_2776.txt;825;828.5
i60_10_3421.txt;911;929.7
i60_10_1855.txt;1053;1061.3
i60_10_103.txt;1142;1152.1
i60_10_1258.txt;977;987.8
i60_10_6152.txt;1003;1011.7
i60_10_8298.txt;931;945.3
i60_10_8547.txt;1104;1120.7
i60_10_2470.txt;1152;1159.1
i60_10_4646.txt;991;1001.8
i60_10_1531.txt;1075;1078.9
i60_10_6548.txt;1142;1144.5
i60_10_578.txt;817;842.3
i60_10_4989.txt;916;919.8
i60_10_1974.txt;1075;1086.7
i60_10_6217.txt;904;912.5
i60_10_3748.txt;1000;1012
i60_10_9887.txt;965;982
i60_10_8078.txt;896;909.4
i60_10_9060.txt;1182;1184.7
i60_10_4852.txt;972;976.3
i60_10_3213.txt;1152;1167
i60_10_2771.txt;983;991.1
i60_10_1547.txt;1117;1123.7
i60_10_1532.txt;1108;1123.6
i60_10_8213.txt;1088;1091.8
i60_10_2575.txt;1055;1065.4
i60_10_5291.txt;1210;1211
i60_10_2271.txt;1083;1094.2
i60_10_6231.txt;1164;1167.3
i60_10_749.txt;1064;1086.5
i60_10_2324.txt;1005;1019.4
i60_10_9478.txt;1157;1160.6
i60_10_287.txt;1018;1019
i60_10_354.txt;1000;1015
i60_10_7305.txt;1005;1009.3
i60_10_9938.txt;993;997.6
i60_10_5395.txt;1090;1104.6
i60_10_1149.txt;910;912.7
i60_10_6938.txt;878;886.8
i60_10_3118.txt;1125;1128.1
i60_10_8074.txt;1023;1038.4
i60_10_5735.txt;850;868.1
i60_10_1806.txt;1212;1216.1
i60_10_2129.txt;1118;1121.7
i60_10_4515.txt;1046;1052.6
i60_10_4445.txt;1068;1088.3
i60_10_9063.txt;981;991.3
i60_10_1257.txt;943;951.7
i60_10_9062.txt;992;1000.1
i60_10_266.txt;902;910.8
i60_10_2339.txt;1060;1067.7
i60_10_7633.txt;1041;1048.3
i60_10_1232.txt;1015;1019.2
i60_10_3069.txt;822;825.4
i60_10_8735.txt;1012;1028.1
i60_10_6327.txt;965;976
i60_10_7220.txt;870;876.7
i60_10_6553.txt;1167;1171.3
i60_10_2663.txt;1048;1062.6
i60_10_7468.txt;1106;1119.5
i60_10_9823.txt;1117;1131.9
i60_10_6298.txt;934;936.1
i60_10_6322.txt;1076;1094.7
i60_10_2186.txt;1005;1009.1
i60_10_4948.txt;968;979.8
i60_10_3407.txt;944;955.2
i60_10_6665.txt;991;1002.4
i60_10_8000.txt;1063;1071.3
i60_10_3557.txt;1150;1159.1
i60_10_310.txt;1004;1010
i60_10_1904.txt;1007;1016.4
i60_10_3956.txt;995;1002.5
i60_10_782.txt;985;1002.5
i60_10_3376.txt;842;847
i60_10_9717.txt;1093;1101.1
i60_10_4900.txt;1049;1056.7
i60_10_1224.txt;1038;1041
i60_10_9300.txt;1112;1120.3
i60_10_1871.txt;775;776.5
i60_10_1355.txt;1044;1051.2
i60_10_2232.txt;1060;1066.6
i60_10_5726.txt;1002;1008.5
i60_10_8661.txt;1078;1084.1
i60_10_8536.txt;1169;1172.5
i60_10_68.txt;1122;1140.2
i60_10_5142.txt;1021;1027.7
i60_10_6245.txt;919;928.4
i60_10_8031.txt;1051;1062.3
i60_10_5066.txt;998;1005.1
i60_10_9977.txt;1080;1091.5
i60_10_3324.txt;941;959.4
i60_10_5693.txt;965;976.5
i60_10_7083.txt;1107;1113.9
i60_10_5111.txt;986;1001.2
i60_10_5232.txt;933;944.2
i60_10_361.txt;1040;1046.8
i60_10_4542.txt;1127;1131
i60_10_9468.txt;910;916.2
i60_10_2458.txt;986;990.4
i60_10_7562.txt;998;1008.2
i60_10_2230.txt;901;910.7
i60_10_3645.txt;1131;1138.5
i60_10_2651.txt;991;993.6
i60_10_1445.txt;930;932.7
i60_10_7606.txt;1090;1092.1
i60_10_6937.txt;1149;1152.8
i60_10_7761.txt;983;997.8
i60_10_2580.txt;934;945.2
i60_10_5505.txt;1015;1023.1
i60_10_7170.txt;1039;1044.2
i60_10_4486.txt;839;856.2
i60_10_160.txt;1046;1049.7
i60_10_4493.txt;824;828.9
i60_10_4051.txt;763;774
i60_10_2260.txt;1069;1076.2
i60_10_920.txt;1055;1057.1
i60_10_1245.txt;1040;1045.4
i60_10_1251.txt;1073;1085.2
i60_10_4768.txt;965;973.4
i60_10_1302.txt;914;929.3
i60_10_6761.txt;1120;1128.5
i60_10_8060.txt;1023;1027.9
i60_10_7686.txt;1015;1023.3
i60_10_6045.txt;1079;1083.8
i60_10_7169.txt;885;900.5
i60_10_8744.txt;992;1005.7
i60_10_7814.txt;930;942.2
i60_10_6334.txt;979;979.9
i60_10_1361.txt;1133;1134.7
i60_10_7623.txt;837;861.7
i60_10_7806.txt;1094;1094.2
i60_10_4866.txt;947;970
i60_10_6121.txt;878;888.5
i60_10_4647.txt;1105;1109.3
i60_10_8852.txt;1003;1007.3
i60_10_5043.txt;1045;1051.6
i60_10_7958.txt;1020;1028
i60_10_1266.txt;937;943.3
i60_10_7337.txt;1066;1074.2
i60_10_3089.txt;949;978
i60_10_7079.txt;1027;1030.3
i60_10_6150.txt;1038;1051
i60_10_4433.txt;954;959.9
i60_10_3256.txt;790;796.6
i60_10_3405.txt;1093;1100
i60_10_5128.txt;1035;1045.4
i60_10_8317.txt;839;854.8
i60_10_9715.txt;1133;1138.1
i60_10_4062.txt;973;979.6
i60_10_1138.txt;952;962.3
i60_10_7250.txt;983;988
i60_10_7848.txt;913;927.3
i60_10_6807.txt;958;965.6
i60_10_6521.txt;913;921
i60_10_3677.txt;847;854.2
i60_10_6252.txt;992;998.9
i60_10_8408.txt;1076;1080.6
i60_10_5054.txt;921;922.2
i60_10_1201.txt;972;983.5
i60_10_1785.txt;1054;1058.4
i60_10_3978.txt;942;948.4
i60_10_2988.txt;1040;1049.3
i60_10_1524.txt;957;965.8
i60_10_6435.txt;983;996.5
i60_10_1415.txt;816;823.6
i60_10_9716.txt;863;871.3
i60_10_8113.txt;786;790
i60_10_3414.txt;824;835.9
i60_10_3614.txt;946;959.1
i60_10_6032.txt;981;986.5
i60_10_562.txt;892;903.7
i60_10_5367.txt;946;949.6
i60_10_7974.txt;1021;1028.5
i60_10_7511.txt;841;845.8
i60_10_2461.txt;978;989
i60_10_6702.txt;985;1000.9
i60_10_7294.txt;795;798.7
i60_10_1664.txt;878;879.6
i60_10_3182.txt;1073;1074.7
i60_10_5031.txt;1040;1043.8
i60_10_4534.txt;917;925.5
i60_10_6523.txt;966;977.7
i60_10_3425.txt;862;872.5
i60_10_3695.txt;937;951.7
i60_10_7588.txt;988;996.7
i60_10_4235.txt;1012;1018.2
i60_10_1759.txt;1024;1039.1
i60_10_808.txt;1046;1059.5
i60_10_3985.txt;889;892.8
i60_10_6412.txt;1012;1024.6
i60_10_4490.txt;739;744.8
i60_10_3724.txt;769;776.5
i60_10_4145.txt;983;999
i60_10_5472.txt;790;807.6
i60_10_3738.txt;944;946.4
i60_10_3020.txt;1006;1012.9
i60_10_4838.txt;986;995.5
i60_10_3670.txt;944;948.1
i60_10_9737.txt;961;979.1
i60_10_350.txt;1036;1039.4
i60_10_4617.txt;982;984.8
i60_10_4638.txt;981;984.5
i60_10_8505.txt;912;920.4
i60_10_4461.txt;791;811.7
i60_10_5481.txt;1031;1040.9
i60_10_8171.txt;1004;1006.1
i60_10_5652.txt;951;964.1
i60_10_975.txt;732;737
i60_10_7885.txt;1084;1101.1
i60_10_4384.txt;1031;1034.3
i60_10_8715.txt;1033;1038.9
i60_10_8611.txt;899;911.8
i60_10_528.txt;1021;1026.8
i60_10_1833.txt;837;850.1
i60_10_2072.txt;1013;1024.6
i60_10_3326.txt;984;987.8
i60_10_3526.txt;846;852.9
i60_10_3084.txt;936;937.7
i60_10_3014.txt;1056;1062.9
i60_10_5449.txt;1010;1015.4
i60_10_9188.txt;902;915.1
i60_10_5399.txt;1025;1031.7
i60_10_927.txt;1023;1030.8
i60_10_953.txt;1107;1108.4
i60_10_9473.txt;845;860.4
i60_10_9554.txt;893;904
i60_10_4315.txt;900;903.4
i60_10_6712.txt;920;924.8
i60_10_8663.txt;1049;1059.4
i60_10_2015.txt;855;860.2
i60_10_3238.txt;1057;1067.2
i60_10_2107.txt;844;855.5
i60_10_7229.txt;933;939.6
i60_10_4659.txt;946;948.9
i60_10_7860.txt;884;910
i60_10_9767.txt;954;965.5
i60_10_8777.txt;905;915.1
i60_10_2726.txt;1009;1019.5
i60_10_7579.txt;820;824.1
i60_10_8400.txt;880;895
i60_10_718.txt;967;972
i60_10_6309.txt;1065;1070.2
i60_10_149.txt;912;920.3
i60_10_8343.txt;1012;1023.5
i60_10_2514.txt;968;973.6
i60_10_8914.txt;876;891.1
i60_10_1608.txt;901;911.5
i60_10_3718.txt;1020;1028
i60_10_352.txt;807;818.6
i60_10_1553.txt;980;991.3
i60_10_4265.txt;946;953.7
i60_10_2487.txt;910;920.5
i60_10_3193.txt;1095;1095
i60_10_4260.txt;802;810.1
i60_10_8455.txt;956;967
i60_10_9.txt;905;908.1
i60_10_6560.txt;1033;1040.3
i60_10_6221.txt;971;973.6
i60_10_4953.txt;1005;1008.7
i60_10_3411.txt;1099;1099
i60_10_2035.txt;1049;1050.6
i60_10_2457.txt;912;922.5
i60_10_76.txt;903;917.6
i60_10_8007.txt;938;955.2
i60_10_990.txt;939;939.9
i60_10_8700.txt;728;742.8
i60_10_2566.txt;918;925.6
i60_10_4957.txt;872;890.3
i60_10_6850.txt;839;845.5
i60_10_2777.txt;915;922.9
i60_10_2488.txt;971;978.8
i60_10_1577.txt;1074;1076.6
i60_10_4800.txt;1038;1041.4
i60_10_626.txt;1053;1061
i60_10_6414.txt;946;954.8
i60_10_5656.txt;899;901.2
i60_10_3296.txt;879;887.8
i60_10_9244.txt;802;807.7
i60_10_9323.txt;891;918.3
i60_10_7693.txt;996;1007.9
i60_10_2712.txt;913;919.9
i60_10_6693.txt;935;956.5
i60_10_5376.txt;877;885.9
i60_10_926.txt;1053;1053.6
i60_10_6846.txt;999;1006.2
i60_10_9783.txt;926;937.5
i60_10_1573.txt;894;900.2
i60_10_4132.txt;935;954.6
i60_10_1604.txt;933;942.6
i60_10_5075.txt;857;869.7
i60_10_6417.txt;900;905
i60_10_2640.txt;764;767.7
i60_10_6575.txt;834;838.8
i60_10_6025.txt;964;973.6
i60_10_8709.txt;921;935
i60_10_6255.txt;910;932.3
i60_10_8063.txt;911;919.6
i60_10_1796.txt;1018;1022.7
i60_10_8837.txt;1067;1068.3
i60_10_5220.txt;1013;1017.3
i60_10_3156.txt;920;931.8
i60_10_65.txt;888;899.2
i60_10_2369.txt;895;903.2
i60_10_2070.txt;980;988.2
i60_10_1096.txt;904;908.9
i60_10_6387.txt;909;916.7
i60_10_3698.txt;842;846.1
i60_10_912.txt;917;931.8
i60_10_8935.txt;886;892.5
i60_10_6596.txt;969;972
i60_10_5717.txt;832;834.5
i60_10_53.txt;891;903.1
i60_10_9232.txt;874;888.6
i60_10_1991.txt;1013;1016.2
i60_10_1943.txt;816;832.3
i60_10_2796.txt;783;796.2
i60_10_2533.txt;927;939.8
i60_10_1954.txt;892;903
i60_10_4742.txt;1022;1028.3
i60_10_7350.txt;946;952.9
i60_10_359.txt;1035;1035.9
i60_10_4232.txt;1022;1029.5
i60_10_6887.txt;877;892.8
i60_10_4108.txt;894;907.4
i60_10_1585.txt;945;954.4
i60_10_3702.txt;681;689.4
i60_10_6962.txt;999;1008.9
i60_10_6084.txt;1080;1081.1
i60_10_7828.txt;964;972.8
i60_10_3154.txt;984;989.6
i60_10_1758.txt;985;989
i60_10_7460.txt;831;847.5
i60_10_9579.txt;923;930.4
i60_10_6456.txt;689;694.3
i60_10_2099.txt;787;799.5
i60_10_4136.txt;1068;1072.2
i60_10_8884.txt;824;832.5
i60_10_7451.txt;995;1012.8
i60_10_9220.txt;967;969.8
i60_10_1542.txt;954;958.5
i60_10_9510.txt;888;890
i60_10_2519.txt;940;945.6
i60_10_2427.txt;967;976.3
i60_10_480.txt;834;836.8
i60_10_4464.txt;842;846.8
i60_10_8303.txt;820;831.9
i60_10_2964.txt;858;866
i60_10_2957.txt;792;794.9
i60_10_6922.txt;1026;1026.9
i60_10_3612.txt;988;995.3
i60_10_2092.txt;852;854.6
i60_10_7016.txt;998;999.6
i60_10_734.txt;914;916.4
i60_10_9835.txt;864;871.3
i60_10_8064.txt;936;940.3
i60_10_7027.txt;920;932
i60_10_4668.txt;949;953.8
i60_10_3664.txt;866;878
i60_10_4766.txt;867;880.1
i60_10_9064.txt;938;943.5
i60_10_5342.txt;1013;1018.9
i60_10_5670.txt;729;738.7
i60_10_3628.txt;919;929.1
i60_10_9442.txt;883;894.7
i60_10_8119.txt;740;751.2
i60_10_1570.txt;827;832.3
i60_10_7081.txt;956;964.5
i60_10_3480.txt;948;954.8
i60_10_8963.txt;898;911.1
i60_10_2515.txt;879;884.7
i60_10_3306.txt;948;968.2
i60_10_3497.txt;740;747.8
i60_10_1816.txt;918;926.8
i60_10_7428.txt;969;973.1
i60_10_9731.txt;742;754.7
i60_10_698.txt;855;862.2
i60_10_3463.txt;913;923.6
i60_10_3911.txt;830;846
i60_10_5827.txt;878;880
i60_10_7490.txt;800;807.3
i60_10_8550.txt;807;811.4
i60_10_2886.txt;927;933.7
i60_10_268.txt;863;873.5
i60_10_2991.txt;925;928.8
i60_10_1482.txt;959;961.3
i60_10_4109.txt;958;961.2
i60_10_7922.txt;917;924.4
i60_10_1567.txt;829;832.4
i60_10_8915.txt;987;992.4
i60_10_1091.txt;990;996.1
i60_10_7665.txt;898;903.2
i60_10_5504.txt;961;974.6
i60_10_5145.txt;806;811.9
i60_10_9130.txt;878;889.4
i60_10_1037.txt;908;915
i60_10_6501.txt;807;825.7
i60_10_9627.txt;776;786.3
i60_10_5442.txt;942;947.5
i60_10_4926.txt;926;936.2
i60_10_7520.txt;1002;1003.7
i60_10_8008.txt;883;891.2
i60_10_8832.txt;943;948.7
i60_10_1389.txt;906;915
i60_10_781.txt;917;921.8
i60_10_8205.txt;956;958.3
i60_10_9953.txt;956;960.2
i60_10_6474.txt;796;799
i60_10_7480.txt;993;1000.2
i60_10_5864.txt;780;783
i60_10_9157.txt;744;750
i60_10_1290.txt;866;872.5
i60_10_5042.txt;739;741.3
i60_10_156.txt;946;952
i60_10_1358.txt;913;917.7
i60_10_1169.txt;904;912.3
i60_10_6623.txt;907;915.9
i60_10_9605.txt;874;880
i60_10_5150.txt;770;783
i60_10_3229.txt;1071;1073.1
i60_10_2056.txt;926;930.9
i60_10_8609.txt;1028;1029
i60_10_9007.txt;899;908.4
i60_10_4987.txt;880;890.8
i60_10_1807.txt;805;816
i60_10_8280.txt;936;940.3
i60_10_60.txt;948;954.1
i60_10_9247.txt;874;887.1
i60_10_745.txt;941;945.9
i60_10_4914.txt;778;788.9
i60_10_8182.txt;851;859.6
i60_10_2251.txt;834;839.2
i60_10_1310.txt;818;822.5
i60_10_9567.txt;858;860.2
i60_10_6224.txt;936;939.9
i60_10_3120.txt;977;983.2
i60_10_6413.txt;865;870.9
i60_10_9239.txt;771;783.8
i60_10_1283.txt;855;856.2
i60_10_2826.txt;1055;1056.7
i60_10_5264.txt;915;920.2
i60_10_3123.txt;865;867.8
i60_10_7453.txt;853;866.9
i60_10_9764.txt;980;986.7
i60_10_9457.txt;889;899.2
i60_10_3644.txt;964;968.2
i60_10_9951.txt;927;934.6
i60_10_304.txt;812;818.6
i60_10_1289.txt;867;873.3
i60_10_5996.txt;882;895.3
i60_10_1329.txt;907;911.1
i60_10_184.txt;877;881
i60_10_5126.txt;864;869.9
i60_10_2203.txt;951;967.6
i60_10_9720.txt;988;991.6
i60_10_6542.txt;981;986.1
i60_10_6969.txt;706;713.3
i60_10_7103.txt;887;896.6
i60_10_8769.txt;782;785.6
i60_10_3181.txt;861;867.9
i60_10_9369.txt;928;932.7
i60_10_5700.txt;947;949.8
i60_10_5117.txt;886;890.2
i60_10_3505.txt;895;903.2
i60_10_3979.txt;801;807.8
i60_10_3293.txt;815;823.6
i60_10_4047.txt;730;752.7
i60_10_4342.txt;787;798.8
i60_10_8453.txt;930;936
i60_10_4829.txt;919;921.3
i60_10_151.txt;932;939.3
i60_10_4941.txt;833;842.1
i60_10_8158.txt;962;970.8
i60_10_6046.txt;905;909.8
i60_10_9497.txt;967;967.9
i60_10_2221.txt;688;692.7
i60_10_7930.txt;1001;1002.7
i60_10_6487.txt;822;826.5
i60_10_8519.txt;949;953.7
i60_10_2787.txt;785;800.2
i60_10_6498.txt;850;856.8
i60_10_7475.txt;783;790.5
i60_10_3568.txt;823;836.2
i60_10_8032.txt;835;842.8
i60_10_479.txt;695;698.3
i60_10_7181.txt;870;875.9
i60_10_5525.txt;734;739.9
i60_10_518.txt;858;869.4
i60_10_4956.txt;859;874.8
i60_10_1312.txt;814;820.2
i60_10_2543.txt;744;753.1
i60_10_3609.txt;957;962.4
i60_10_2311.txt;699;701.4
i60_10_400.txt;880;888.8
i60_10_9870.txt;948;952.2
i60_10_2936.txt;680;683.8
i60_10_7551.txt;896;907.1
i60_10_9145.txt;807;814.1
i60_10_9657.txt;741;746
i60_10_3965.txt;873;879.7
i60_10_5127.txt;806;810.9
i60_10_1220.txt;848;854.4
i60_10_4497.txt;912;916.4
i60_10_2672.txt;856;862
i60_10_9734.txt;793;812
i60_10_8318.txt;894;914.3
i60_10_7542.txt;809;813.2
i60_10_9557.txt;872;876.1
i60_10_2147.txt;922;932.4
i60_10_2563.txt;729;736.5
i60_10_7966.txt;784;793.8
i60_10_2448.txt;719;730.1
i60_10_4364.txt;870;874.2
i60_10_5841.txt;876;884
i60_10_7390.txt;1020;1021.4
i60_10_8195.txt;674;678
i60_10_3173.txt;801;806.7
i60_10_1763.txt;937;943.6
i60_10_6015.txt;706;710
i60_10_7204.txt;889;892.5
i60_10_980.txt;869;874.4
i60_10_6569.txt;798;816.4
i60_10_1818.txt;749;750.9
i60_10_898.txt;763;765.7
i60_10_4611.txt;724;741.1
i60_10_3607.txt;898;903.9
i60_10_5078.txt;946;946.5
i60_10_1162.txt;752;761.3
i60_10_3736.txt;916;922.8
i60_10_7392.txt;886;893.9
i60_10_835.txt;621;625
i60_10_8340.txt;809;813.7
i60_10_3643.txt;885;891.4
i60_10_5270.txt;877;881
i60_10_6259.txt;888;893.8
i60_10_232.txt;851;858.8
i60_10_2400.txt;939;940.1
i60_10_1484.txt;878;882.6
i60_10_3503.txt;875;882.8
i60_10_7224.txt;929;933
i60_10_5154.txt;781;789.9
i60_10_8693.txt;985;985.2
i60_10_5114.txt;800;816.3
i60_10_8486.txt;735;741.1
i60_10_3270.txt;761;773.3
i60_10_2831.txt;943;945.9
i60_10_5160.txt;926;938.1
i60_10_8477.txt;868;883.3
i60_10_9046.txt;971;974.1
i60_10_6752.txt;718;723.8
i60_10_2539.txt;930;933.8
i60_10_8552.txt;936;941
i60_10_1314.txt;783;799.2
i60_10_1221.txt;937;942.4
i60_10_6722.txt;830;834.1
i60_10_3992.txt;911;920.3
i60_10_2380.txt;803;806.3
i60_10_4111.txt;646;651.8
i60_10_7296.txt;881;886.8
i60_10_6536.txt;820;827.8
i60_10_7753.txt;817;822.3
i60_10_8086.txt;926;933.5
i60_10_4396.txt;898;902.4
i60_10_2142.txt;767;771.5
i60_10_8941.txt;877;886.7
i60_10_7973.txt;833;835
i60_10_5172.txt;812;823.4
i60_10_7164.txt;898;901.5
i60_10_2362.txt;788;792.7
i60_10_3417.txt;815;824.1
i60_10_4336.txt;880;889.2
i60_10_5312.txt;644;659.8
i60_10_4097.txt;744;750.8
i60_10_9502.txt;619;625.3
i60_10_7884.txt;849;852
i60_10_6921.txt;718;722.3
i60_10_3826.txt;849;855.3
i60_10_7950.txt;774;784.3
i60_10_2968.txt;663;667.8
i60_10_5664.txt;772;784.4
i60_10_6099.txt;862;876.3
i60_10_1720.txt;888;899.8
i60_10_8322.txt;898;907.3
i60_10_868.txt;993;994.8
i60_10_7722.txt;873;878.8
i60_10_6137.txt;1002;1005
i60_10_2354.txt;937;937
i60_10_6488.txt;837;841.2
i60_10_6706.txt;942;958.7
i60_10_5710.txt;863;879
i60_10_6040.txt;744;749
i60_10_2291.txt;855;863.5
i60_10_4971.txt;781;787.7
i60_10_4190.txt;742;758.5
i60_10_8910.txt;742;747.2
i60_10_8996.txt;879;883.7
i60_10_3583.txt;962;963.6
i60_10_4032.txt;871;877.2
i60_10_4805.txt;793;812
i60_10_283.txt;698;714.5
i60_10_9961.txt;799;828
i60_10_7122.txt;860;870.7
i60_10_2526.txt;951;954.3
i60_10_7391.txt;936;936.5
i60_10_5062.txt;889;899.7
i60_10_2551.txt;904;908.4
i60_10_8673.txt;900;904.4
i60_10_4094.txt;793;801.1
i60_10_2981.txt;579;587.3
i60_10_9698.txt;913;917.5
i60_10_4198.txt;915;919.6
i60_10_9178.txt;736;745
i60_10_2047.txt;729;734.4
i60_10_1625.txt;804;804.7
i60_10_4912.txt;821;834.8
i60_10_1238.txt;887;898.4
i60_10_9047.txt;675;682.4
i60_10_3279.txt;752;753.9
i60_10_4304.txt;869;877.3
i60_10_6408.txt;804;810.8
i60_10_2404.txt;729;731.7
i60_10_5164.txt;833;837.8
i60_10_5119.txt;804;814.5
i60_10_6052.txt;919;922.9
i60_10_4133.txt;834;844.8
i60_10_555.txt;744;750.6
i60_10_9028.txt;801;804.2
i60_10_9099.txt;840;847.3
i60_10_3897.txt;724;728.7
i60_10_3010.txt;761;764.1
i60_10_4584.txt;799;810.2
i60_10_406.txt;530;535.2
i60_10_7907.txt;784;793.3
i60_10_9304.txt;954;955.3
i60_10_3982.txt;912;922.2
i60_10_7674.txt;697;703.5
i60_10_8695.txt;911;917.8
i60_10_3043.txt;880;890.2
i60_10_4243.txt;921;925.9
i60_10_8367.txt;783;802.1
i60_10_7148.txt;942;945.2
i60_10_8797.txt;785;786.6
i60_10_2535.txt;820;827.1
i60_10_1930.txt;817;819.5
i60_10_7210.txt;647;654.5
i60_10_1789.txt;810;820.9